,charge_capacity,charge_energy,discharge_capacity,discharge_energy,voltage,cycle_count,capacity_rentention,capacity_rentention1
1,153.3,539.5,152.4,464.4,3.0914,1,100,100
2,152.7,536,152.9,467.5,3.0986,2,100,100.2713807
3,152.9,536.2,152.9,468.1,3.1,3,100,100.3004408
4,152.9,536,152.9,468.1,3.1005,4,100,100.2710527
5,153.8,539.9,152.6,466.5,3.0968,5,100,100.1273921
6,152.8,535.8,152.8,467.8,3.1003,6,100,100.214638
7,152.8,535.5,152.7,467.8,3.1008,7,100,100.1828228
8,152.7,535.1,152.7,467.6,3.101,8,100,100.1362479
9,152.6,534.8,152.6,467.5,3.1011,9,100,100.0862619
10,152.5,534.5,152.5,467.3,3.1013,10,100,100.0362103
11,152.5,534.3,152.4,467.1,3.1013,11,99,99.98727391
12,152.4,534,152.3,466.8,3.1013,12,99,99.93525436
13,152.3,533.7,152.3,466.6,3.1015,13,99,99.88776111
14,152.2,533.5,152.2,466.5,3.1018,14,99,99.84918924
15,152.2,533.3,152.1,466.3,3.1018,15,99,99.80655026
16,152.1,533,152.1,466.1,3.1019,16,99,99.76332091
17,152,532.8,152,465.9,3.1019,17,99,99.72350267
18,152,532.5,152,465.8,3.1021,18,99,99.68702995
19,151.9,532.3,151.9,465.7,3.1023,19,99,99.6476709
20,151.9,532.1,151.8,465.5,3.1019,20,99,99.60378555
21,151.8,531.9,151.8,465.2,3.1019,21,99,99.5604906
22,151.7,531.7,151.7,465.1,3.1019,22,99,99.52585463
23,151.7,531.5,151.7,465,3.1021,23,99,99.49587616
24,151.6,531.3,151.6,464.9,3.1021,24,99,99.46051861
25,151.6,531.1,151.6,464.7,3.1024,25,99,99.42070037
26,151.5,530.9,151.5,464.6,3.1029,26,99,99.38960672
27,151.5,530.7,151.5,464.5,3.1027,27,99,99.35497075
28,151.4,530.5,151.4,464.3,3.1027,28,99,99.31449653
29,151.4,530.3,151.3,464.1,3.1027,29,99,99.28150052
30,151.3,530.1,151.3,463.9,3.1026,30,99,99.24319105
31,151.2,529.9,151.2,463.8,3.1026,31,99,99.21170381
32,151.2,529.7,151.2,463.7,3.1027,32,99,99.18198772
33,151.1,529.6,151.1,463.5,3.1027,33,99,99.14905732
34,151.1,529.4,151.1,463.4,3.1029,34,99,99.11632371
35,151.1,529.2,151,463.3,3.1027,35,99,99.0832621
36,151,529,151,463.1,3.1026,36,99,99.0461334
37,150.9,528.9,150.9,462.9,3.1029,37,99,99.01372778
38,150.9,528.7,150.9,462.8,3.1027,38,98,98.98309332
39,150.8,528.5,150.8,462.7,3.1027,39,98,98.95272125
40,150.8,528.3,150.8,462.5,3.1027,40,98,98.92261158
41,150.7,528.2,150.8,462.4,3.1027,41,98,98.89210831
42,150.7,528,150.7,462.3,3.1032,42,98,98.85884992
43,150.7,527.9,150.7,462.1,3.1032,43,98,98.82874024
44,150.6,527.7,150.6,461.8,3.1027,44,98,98.78570768
45,150.5,527.5,150.6,461.7,3.1029,45,98,98.76045229
46,150.5,527.4,150.5,461.7,3.1031,46,98,98.73368813
47,150.5,527.2,150.5,461.5,3.1031,47,98,98.70364406
48,150.4,527.1,150.4,461.5,3.1032,48,98,98.68422693
49,150.4,526.9,150.4,461.4,3.1034,49,98,98.66008671
50,150.4,526.8,150.4,461.3,3.1035,50,98,98.63332255
51,150.3,526.6,150.3,461.1,3.1034,51,98,98.60373767
52,150.3,526.5,150.3,460.9,3.1031,52,98,98.57225043
53,150.2,526.3,150.2,460.7,3.1027,53,98,98.53223539
54,150.2,526.2,150.2,460.5,3.1026,54,98,98.50396247
55,150.3,529.1,149.8,458.3,3.097,55,98,98.26124832
56,150,525.9,150,460,3.1015,56,98,98.42898348
57,150,525.8,150.1,460.3,3.1024,57,98,98.43534653
58,150,525.7,150,460.2,3.1027,58,98,98.4157326
59,150,525.5,150,460.1,3.1027,59,98,98.38909964
60,149.9,525.3,149.9,460,3.1027,60,98,98.36463143
61,149.9,525.2,149.9,459.9,3.1027,61,98,98.33419377
62,149.9,525.1,149.9,459.7,3.1032,62,98,98.30001699
63,149.8,525,149.8,459.5,3.1029,63,98,98.26249469
64,149.7,524.8,149.8,459.3,3.1029,64,98,98.23415618
65,149.7,524.7,149.7,459.2,3.1027,65,98,98.20772002
66,149.7,524.5,149.7,459.1,3.1026,66,98,98.17839752
67,149.6,524.4,149.6,459,3.1029,67,98,98.15734043
68,149.6,524.3,149.6,458.9,3.1029,68,98,98.13903847
69,149.6,524.2,149.6,458.9,3.1031,69,98,98.11516065
70,149.5,524,149.5,458.6,3.1026,70,98,98.07540801
71,149.5,523.9,149.5,458.5,3.1027,71,98,98.05172698
72,149.4,523.8,149.4,458.4,3.1027,72,98,98.02955471
73,149.4,523.7,149.4,458.3,3.1029,73,98,98.01000638
74,149.4,523.6,149.4,458.3,3.1031,74,97,97.99504994
75,149.3,523.5,149.4,458.2,3.1031,75,97,97.9721561
76,149.3,523.3,149.3,458.2,3.1032,76,97,97.9554941
77,149.3,523.2,149.3,458,3.1031,77,97,97.93279704
78,149.2,523.1,149.3,457.9,3.1029,78,97,97.90649208
79,149.2,523,149.2,457.7,3.1029,79,97,97.87913754
80,149.2,522.9,149.2,457.6,3.1027,80,97,97.8559157
81,149.1,522.8,149.2,457.6,3.1029,81,97,97.84227123
82,149.1,522.7,149.1,457.5,3.1031,82,97,97.82639641
83,149.1,522.6,149.1,457.4,3.1029,83,97,97.80527372
84,149,522.5,149.1,457.3,3.1027,84,97,97.78356064
85,149,522.4,149,457.2,3.1029,85,97,97.76427471
86,149,522.3,149,457,3.1031,86,97,97.73783855
87,148.9,522.2,149,456.9,3.1031,87,97,97.71304234
88,148.9,522.1,148.9,456.8,3.1029,88,97,97.69067328
89,148.9,522,148.9,456.8,3.1031,89,97,97.67906236
90,148.9,521.9,148.9,456.6,3.1027,90,97,97.65715249
91,148.8,521.8,148.9,456.6,3.1029,91,97,97.64941188
92,148.8,521.7,148.8,456.6,3.1032,92,97,97.63393065
93,148.8,521.6,148.8,456.5,3.1031,93,97,97.61844942
94,148.8,521.5,148.8,456.4,3.1031,94,97,97.59726113
95,148.7,521.5,148.7,456.3,3.1029,95,97,97.57318652
96,148.7,521.4,148.7,456.2,3.1027,96,97,97.55672131
97,148.7,521.3,148.7,456.2,3.1029,97,97,97.54583197
98,148.7,521.2,148.7,456.1,3.1031,98,97,97.53382746
99,148.6,521.1,148.7,456,3.1031,99,97,97.51493512
100,148.6,521,148.6,456,3.1029,100,97,97.50155304
101,148.9,524,148.5,455,3.1,101,97,97.41588151
102,148.7,521.4,148.8,457.1,3.1058,102,97,97.63314347
103,148.8,521.4,148.9,457.5,3.107,103,97,97.66062921
104,148.8,521.4,148.9,457.5,3.1074,104,97,97.65033026
105,148.8,521.3,148.8,457.3,3.107,105,97,97.62737081
106,148.8,521.2,148.8,457.2,3.1069,106,97,97.59962268
107,148.7,521.1,148.8,457.1,3.107,107,97,97.58801176
108,148.7,521,148.8,457.2,3.1075,108,97,97.5821735
109,148.7,520.9,148.7,457.2,3.108,109,97,97.5737113
110,148.9,523.3,148.4,455.2,3.1018,110,97,97.37035621
111,148.5,520.7,148.6,456.5,3.1059,111,97,97.48043035
112,148.6,520.6,148.6,456.7,3.1069,112,97,97.48646541
113,148.6,520.5,148.6,456.6,3.1069,113,97,97.4703282
114,148.5,520.4,148.5,456.4,3.1066,114,97,97.43798818
115,148.5,520.3,148.5,456.2,3.1061,115,97,97.40545136
116,148.4,520.2,148.5,456.1,3.1062,116,97,97.38813338
117,148.4,520.1,148.4,456.1,3.1064,117,97,97.37507929
118,148.4,520,148.4,456,3.1064,118,97,97.36031965
119,148.4,519.9,148.4,455.9,3.1064,119,97,97.34234568
120,148.3,519.8,148.4,455.9,3.1064,120,97,97.32857001
121,148.3,519.7,148.3,455.8,3.1064,121,97,97.31112083
122,148.3,519.6,148.3,455.7,3.1066,122,97,97.2960332
123,148.3,519.6,148.3,455.6,3.1062,123,97,97.27379533
124,148.2,519.5,148.3,455.6,3.1066,124,97,97.26120044
125,148.2,519.4,148.3,455.6,3.1069,125,97,97.25313183
126,148.2,519.3,148.2,455.6,3.1069,126,97,97.24453844
127,148.2,519.2,148.2,455.6,3.107,127,97,97.23318991
128,148.2,519.1,148.2,455.5,3.107,128,97,97.22223498
129,148.2,519,148.2,455.5,3.107,129,97,97.20937769
130,148.1,519,148.2,455.4,3.1069,130,97,97.19081334
131,148.1,518.9,148.1,455.2,3.1072,131,97,97.1717242
132,148.1,518.9,148.1,455.2,3.1072,132,97,97.15624297
133,148.1,518.8,148.1,455,3.107,133,97,97.13794101
134,148,518.7,148.1,455,3.107,134,97,97.13046279
135,148,518.6,148,454.9,3.107,135,97,97.1136696
136,148,518.5,148,454.9,3.107,136,97,97.10297705
137,148,518.5,148,454.8,3.107,137,97,97.09084135
138,148,518.4,148,454.8,3.1069,138,97,97.07522892
139,147.9,518.4,148,454.6,3.1069,139,97,97.05764855
140,147.9,518.3,147.9,454.6,3.107,140,97,97.04918635
141,147.9,518.2,147.9,454.6,3.1072,141,97,97.04072415
142,147.9,518.2,147.9,454.6,3.1074,142,97,97.03075319
143,147.9,518.1,147.9,454.6,3.1074,143,97,97.02189741
144,147.9,518,147.9,454.6,3.1077,144,97,97.0182895
145,147.9,518,147.9,454.6,3.1077,145,97,97.01008969
146,147.8,517.9,147.9,454.4,3.1075,146,96,96.98955739
147,147.8,517.8,147.8,454.3,3.1074,147,96,96.97309218
148,147.8,517.8,147.8,454.3,3.107,148,96,96.95892293
149,147.8,517.7,147.8,454.3,3.1075,149,96,96.95144471
150,147.8,517.7,147.8,454.2,3.1074,150,96,96.94193294
151,147.7,517.6,147.8,454.2,3.1077,151,96,96.93491391
152,147.7,517.5,147.8,454.2,3.1077,152,96,96.92986283
153,147.7,517.5,147.7,454.2,3.1077,153,96,96.92074465
154,147.7,517.4,147.7,454.1,3.1075,154,96,96.90447624
155,147.7,517.4,147.7,454,3.1074,155,96,96.89155335
156,147.7,517.3,147.7,454,3.1075,156,96,96.88013923
157,147.7,517.2,147.7,453.9,3.1075,157,96,96.87003707
158,147.6,517.2,147.7,453.8,3.1074,158,96,96.85691739
159,147.6,517.1,147.6,453.8,3.1074,159,96,96.84287932
160,147.6,517.1,147.6,453.8,3.1074,160,96,96.83697547
161,147.6,517,147.6,453.7,3.1074,161,96,96.82956285
162,147.6,517,147.6,453.6,3.107,162,96,96.81106409
163,147.5,516.9,147.6,453.6,3.1074,163,96,96.80509464
164,147.5,516.9,147.6,453.6,3.1075,164,96,96.79774761
165,147.5,516.8,147.6,453.6,3.1077,165,96,96.79289333
166,147.5,516.8,147.5,453.5,3.1075,166,96,96.78351276
167,147.5,516.7,147.5,453.5,3.1075,167,96,96.77157384
168,147.5,516.6,147.5,453.5,3.1077,168,96,96.765014
169,147.5,516.6,147.5,453.5,3.1077,169,96,96.75930694
170,147.5,516.5,147.5,453.4,3.1077,170,96,96.74756482
171,147.4,516.5,147.5,453.4,3.1077,171,96,96.7359539
172,147.2,519.2,147.3,451.5,3.1011,172,96,96.61020173
173,147.7,517.7,147.7,454,3.1075,173,96,96.88801104
174,147.7,517.5,147.7,454.4,3.109,174,96,96.91543118
175,147.7,517.3,147.7,454.4,3.1088,175,96,96.90860894
176,147.7,517.2,147.7,454.4,3.1093,176,96,96.89844118
177,147.7,517.1,147.7,454.3,3.1091,177,96,96.88361594
178,147.6,517.1,147.7,454.2,3.109,178,96,96.86544518
179,147.6,517,147.6,454.1,3.1088,179,96,96.85265349
180,147.6,516.9,147.6,454.1,3.109,180,96,96.83592589
181,147.6,516.8,147.6,454,3.1088,181,96,96.82064146
182,147.6,516.8,147.6,454,3.109,182,96,96.80798097
183,147.5,516.6,147.6,453.9,3.109,183,96,96.79315572
184,147.5,516.6,147.5,453.8,3.109,184,96,96.7816104
185,147.5,516.5,147.5,453.8,3.1091,185,96,96.76803153
186,147.5,516.4,147.5,453.7,3.109,186,96,96.75202552
187,147.4,516.4,147.5,453.6,3.109,187,96,96.73877463
188,147.4,516.3,147.5,453.6,3.109,188,96,96.72945966
189,147.4,516.2,147.4,453.6,3.1091,189,96,96.71902951
190,147.4,516.1,147.4,453.5,3.1091,190,96,96.70571303
191,147.4,516.1,147.4,453.5,3.1093,191,96,96.69711964
192,147.4,516,147.4,453.4,3.1093,192,96,96.68321277
193,147.3,515.9,147.4,453.4,3.1091,193,96,96.6696995
194,147.3,515.9,147.3,453.3,3.1091,194,96,96.65257831
195,147.3,515.8,147.3,453.2,3.1091,195,96,96.64234496
196,147.6,518.8,147.1,451.7,3.1046,196,96,96.50662183
197,147.2,515.9,147.3,452.8,3.1083,197,96,96.60088676
198,147.3,515.7,147.3,453,3.1093,198,96,96.61052973
199,147.2,515.6,147.3,453,3.1096,199,96,96.60370749
200,147.2,515.6,147.2,453,3.1096,200,96,96.5911126
201,146.7,515,146.5,449,3.0995,201,96,96.07964173
202,146.6,513.3,146.8,450.9,3.104,202,96,96.30090519
203,146.8,513.7,146.9,451.3,3.105,203,96,96.36184612
204,146.9,513.9,146.9,451.5,3.1053,204,96,96.38447758
205,146.9,514,146.9,451.5,3.1053,205,96,96.39103742
206,146.9,514,146.9,451.5,3.1053,206,96,96.38834788
207,146.9,514,146.9,451.4,3.1053,207,96,96.38473997
208,146.9,513.9,146.9,451.4,3.1054,208,96,96.37982009
209,146.9,513.9,146.9,451.4,3.1053,209,96,96.3710299
210,146.9,513.9,146.9,451.3,3.1053,210,96,96.36197732
211,146.9,513.9,146.9,451.2,3.105,211,96,96.34780806
212,146.8,513.8,146.9,451.2,3.1051,212,96,96.33987065
213,146.8,513.7,146.9,451.2,3.1051,213,96,96.33180205
214,146.8,513.7,146.8,451.2,3.1053,214,96,96.32465182
215,146.8,513.6,146.8,451.1,3.1053,215,96,96.31645202
216,146.8,513.6,146.8,451.1,3.1056,216,96,96.3089738
217,146.8,513.5,146.8,451.1,3.1054,217,96,96.30097079
218,146.8,513.5,146.8,451,3.1053,218,96,96.28542397
219,146.7,513.4,146.8,450.9,3.1053,219,96,96.27669938
220,146.7,513.4,146.8,450.9,3.1053,220,96,96.26745
221,146.7,513.3,146.7,450.9,3.1058,221,96,96.26148054
222,146.7,513.2,146.7,450.9,3.1058,222,96,96.25026321
223,146.7,513.2,146.7,450.9,3.1058,223,96,96.24226021
224,146.7,513.1,146.7,450.8,3.1056,224,96,96.2342572
225,146.7,513.1,146.7,450.8,3.1058,225,96,96.22317107
226,146.6,513,146.7,450.7,3.1056,226,96,96.21195374
227,146.6,513,146.7,450.6,3.1054,227,96,96.2008676
228,146.6,512.9,146.6,450.6,3.1056,228,96,96.19076545
229,146.6,512.9,146.6,450.6,3.1058,229,96,96.18079449
230,146.6,512.8,146.6,450.6,3.1058,230,96,96.17423465
231,146.6,512.8,146.6,450.5,3.1058,231,96,96.16629724
232,146.6,512.7,146.6,450.5,3.1059,232,96,96.15665427
233,146.5,512.7,146.6,450.4,3.1056,233,96,96.14799528
234,146.5,512.6,146.5,450.3,3.1054,234,96,96.13428521
235,146.5,512.6,146.5,450.3,3.1054,235,96,96.12333027
236,146.5,512.5,146.5,450.1,3.105,236,96,96.10476592
237,146.5,512.4,146.5,450,3.1046,237,96,96.09381099
238,146.5,512.3,146.5,450,3.1045,238,96,96.08456161
239,146.4,512.3,146.5,449.9,3.1051,239,96,96.07426266
240,146.4,512.2,146.5,450,3.1054,240,96,96.07144193
241,146.4,512.2,146.4,450,3.1056,241,96,96.0640949
242,146.4,512.2,146.4,449.9,3.1054,242,96,96.05418954
243,146.4,512.2,146.4,449.9,3.1058,243,96,96.04513696
244,146.4,512.1,146.4,449.9,3.1059,244,96,96.03549399
245,146.4,512.1,146.4,449.8,3.1058,245,96,96.02427666
246,146.3,512,146.4,449.8,3.1059,246,96,96.01509288
247,146.3,512,146.4,449.7,3.1058,247,96,96.00971381
248,146.3,511.9,146.3,449.7,3.1058,248,95,95.99915247
249,146.3,511.9,146.3,449.6,3.1056,249,95,95.99082147
250,146.3,511.8,146.3,449.6,3.1056,250,95,95.98032572
251,146.3,511.8,146.3,449.5,3.1054,251,95,95.96923959
252,146.3,511.7,146.3,449.5,3.1056,252,95,95.95907183
253,146.2,511.7,146.3,449.4,3.1056,253,95,95.95015045
254,146.2,511.6,146.3,449.4,3.1058,254,95,95.94313142
255,146.2,511.6,146.2,449.4,3.1056,255,95,95.9354564
256,146.2,511.5,146.2,449.4,3.1056,256,95,95.92804378
257,146.2,511.5,146.2,449.3,3.1056,257,95,95.91846641
258,146.2,511.4,146.2,449.3,3.1056,258,95,95.91170978
259,146.2,511.4,146.2,449.2,3.1058,259,95,95.90108283
260,146.2,511.4,146.2,449.2,3.1056,260,95,95.89084948
261,146.1,511.3,146.2,449.2,3.1058,261,95,95.88212489
262,146.1,511.3,146.2,449.1,3.1058,262,95,95.87425308
263,146.1,511.2,146.1,449.1,3.1056,263,95,95.86467571
264,146.1,511.2,146.1,448.9,3.1053,264,95,95.85122804
265,146.1,511.1,146.1,448.8,3.105,265,95,95.84001071
266,146.1,511.1,146.1,448.8,3.105,266,95,95.82951496
267,146,511.1,146.1,448.7,3.105,267,95,95.81908481
268,146,511,146.1,448.7,3.105,268,95,95.81390254
269,146,511,146,448.6,3.1048,269,95,95.79960208
270,146,510.8,146,448.5,3.1043,270,95,95.78904073
271,146,510.8,146,448.4,3.1042,271,95,95.77861059
272,146,510.7,146,448.4,3.1042,272,95,95.76778685
273,146,510.7,146,448.3,3.1042,273,95,95.76011183
274,145.9,510.7,146,448.3,3.1043,274,95,95.75046886
275,145.9,510.7,146,448.3,3.1045,275,95,95.7447618
276,145.9,510.7,146,448.4,3.1048,276,95,95.74449941
277,145.9,510.6,145.9,448.4,3.105,277,95,95.73761157
278,145.9,510.6,145.9,448.3,3.1048,278,95,95.72737822
279,145.9,510.5,145.9,448.3,3.1048,279,95,95.72108077
280,145.9,510.5,145.9,448.2,3.1048,280,95,95.70914186
281,145.9,510.5,145.9,448.2,3.1046,281,95,95.69897411
282,145.8,510.4,145.9,448.2,3.1048,282,95,95.69766214
283,145.8,510.4,145.9,448.1,3.1048,283,95,95.6867728
284,145.8,510.3,145.9,448.1,3.1051,284,95,95.68159053
285,145.8,510.2,145.8,448.1,3.1051,285,95,95.67522748
286,145.8,510.2,145.8,448.1,3.1053,286,95,95.66938922
287,145.8,510.2,145.8,448.1,3.1053,287,95,95.66125502
288,145.8,510.1,145.8,448,3.1051,288,95,95.6494473
289,145.8,510.1,145.8,447.9,3.1051,289,95,95.64157549
290,145.8,510.1,145.8,447.9,3.1048,290,95,95.62930859
291,145.7,510,145.8,447.8,3.1045,291,95,95.62183037
292,145.7,510,145.8,447.8,3.1048,292,95,95.61822245
293,145.7,509.9,145.8,447.9,3.1053,293,95,95.61349937
294,145.7,509.9,145.7,447.9,3.1056,294,95,95.60956346
295,145.7,509.8,145.7,447.9,3.1058,295,95,95.60247883
296,145.7,509.8,145.7,447.8,3.1054,296,95,95.59519741
297,145.7,509.7,145.7,447.7,3.1053,297,95,95.58338969
298,145.7,509.7,145.7,447.7,3.1051,298,95,95.57656746
299,145.7,509.7,145.7,447.6,3.1051,299,95,95.56797407
300,145.6,509.6,145.7,447.6,3.1051,300,95,95.55688793
301,145.8,511.8,145.4,445.8,3.0992,301,95,95.40279725
302,145.6,509.5,145.7,447.4,3.1037,302,95,95.56416936
303,145.7,509.4,145.7,447.6,3.1046,303,95,95.57742024
304,145.7,509.3,145.7,447.7,3.105,304,95,95.5747307
305,145.7,509.3,145.7,447.6,3.1051,305,95,95.56810526
306,145.7,509.2,145.7,447.5,3.1048,306,95,95.55551037
307,145.6,509.2,145.6,447.4,3.1046,307,95,95.54199709
308,145.6,509.1,145.6,447.4,3.1051,308,95,95.53209173
309,145.6,509.1,145.6,447.3,3.1048,309,95,95.51989042
310,145.6,509,145.6,447.3,3.1051,310,95,95.50991946
311,145.6,509,145.6,447.3,3.1053,311,95,95.50290043
312,145.6,508.9,145.6,447.3,3.1054,312,95,95.49109272
313,145.5,508.8,145.6,447.2,3.1054,313,95,95.48125296
314,145.5,508.8,145.5,447.2,3.1054,314,95,95.47265956
315,145.5,508.7,145.5,447.1,3.1053,315,95,95.46386938
316,145.5,508.7,145.5,447,3.1053,316,95,95.45120888
317,145.5,508.7,145.5,447,3.105,317,95,95.44045074
318,145.5,508.6,145.5,447,3.105,318,95,95.4338909
319,145.4,508.5,145.5,446.9,3.1051,319,95,95.4256255
320,145.4,508.5,145.5,446.9,3.1053,320,95,95.41499855
321,145.4,508.4,145.4,446.9,3.1053,321,95,95.40929149
322,145.4,508.4,145.4,446.8,3.1053,322,95,95.39715578
323,145.4,508.3,145.4,446.7,3.1051,323,95,95.38744722
324,145.4,508.3,145.4,446.7,3.1048,324,95,95.37793545
325,145.4,508.3,145.4,446.7,3.105,325,95,95.36862047
326,145.3,508.2,145.4,446.6,3.1051,326,95,95.36435657
327,145.3,508.2,145.4,446.6,3.1053,327,95,95.35746874
328,145.3,508.1,145.4,446.6,3.1053,328,95,95.34795697
329,145.3,508.1,145.3,446.6,3.1053,329,95,95.3384452
330,145.3,508,145.3,446.5,3.1053,330,95,95.32952381
331,145.3,508,145.3,446.4,3.105,331,95,95.32001204
332,145.3,508,145.3,446.3,3.1046,332,95,95.30774514
333,145.2,507.9,145.3,446.2,3.1045,333,95,95.29724939
334,145.2,507.9,145.3,446.3,3.1048,334,95,95.29311669
335,145.2,507.8,145.3,446.3,3.1053,335,95,95.29036156
336,145.2,507.7,145.3,446.4,3.1058,336,95,95.28826241
337,145.2,507.7,145.2,446.4,3.1058,337,95,95.28130898
338,145.2,507.6,145.2,446.3,3.1056,338,95,95.27127242
339,145.2,507.7,145.2,446.2,3.1054,339,95,95.25874312
340,145.2,507.6,145.2,446.2,3.1053,340,95,95.2511337
341,145.2,507.6,145.2,446.1,3.1053,341,95,95.2430651
342,145.2,507.5,145.2,446.1,3.1056,342,95,95.23755483
343,145.1,507.5,145.2,446.1,3.1056,343,95,95.2306014
344,145.1,507.4,145.2,446.1,3.1058,344,95,95.22732148
345,145.1,507.4,145.2,446.1,3.1056,345,95,95.21721932
346,145.1,507.3,145.1,446,3.1056,346,95,95.20882272
347,145.1,507.3,145.1,445.9,3.1054,347,95,95.1974086
348,145.1,507.3,145.1,445.8,3.105,348,95,95.18573208
349,145.1,507.3,145.1,445.8,3.105,349,95,95.17641711
350,145,507.2,145.1,445.7,3.1048,350,95,95.16874209
351,145,507.2,145.1,445.7,3.1048,351,95,95.16132947
352,145,507.1,145.1,445.7,3.1051,352,95,95.15804955
353,145,507.1,145.1,445.7,3.1051,353,95,95.1519489
354,145,507,145,445.7,3.1051,354,95,95.14466747
355,145,507,145,445.6,3.1051,355,95,95.13561489
356,145,507,145,445.5,3.105,356,95,95.12544714
357,145,507,145,445.5,3.1048,357,95,95.11659135
358,145,506.9,145,445.4,3.1048,358,95,95.1062268
359,144.9,506.9,145,445.4,3.1046,359,95,95.09960136
360,144.9,506.8,145,445.4,3.1048,360,95,95.0938943
361,144.9,506.8,145,445.3,3.105,361,95,95.09035198
362,144.9,506.7,144.9,445.3,3.1048,362,95,95.08215218
363,144.9,506.7,144.9,445.2,3.1045,363,95,95.07034446
364,144.9,506.7,144.9,445.1,3.1045,364,95,95.05781517
365,144.9,506.7,144.9,445.1,3.1045,365,95,95.05342007
366,144.9,506.6,144.9,445.1,3.1045,366,95,95.04968096
367,144.9,506.6,144.9,445.1,3.1046,367,95,95.04161236
368,144.8,506.5,144.9,445.1,3.1048,368,95,95.03898842
369,144.8,506.5,144.9,445.1,3.1048,369,95,95.03334696
370,144.8,506.5,144.9,445.1,3.1048,370,95,95.0275743
371,144.8,506.4,144.8,445,3.1046,371,95,95.0151106
372,144.8,506.4,144.8,444.8,3.1042,372,95,95.00343408
373,144.8,506.4,144.8,444.8,3.1045,373,94,94.99274154
374,144.8,506.4,144.8,444.8,3.1043,374,94,94.99090478
375,144.8,506.3,144.8,444.8,3.1051,375,94,94.99129837
376,144.8,506.3,144.8,445.1,3.1064,376,94,94.99057679
377,144.8,506.3,144.8,444.8,3.1051,377,94,94.97830988
378,144.7,506.2,144.8,444.8,3.1054,378,94,94.97122525
379,144.7,506.2,144.8,444.8,3.1058,379,94,94.96459981
380,144.7,506.2,144.8,444.9,3.1062,380,94,94.95882715
381,144.7,506.2,144.7,444.6,3.1046,381,94,94.93960682
382,144.7,506.1,144.7,444.5,3.1048,382,94,94.93678608
383,144.7,506.1,144.7,444.6,3.105,383,94,94.93317817
384,144.7,506,144.7,444.6,3.1051,384,94,94.93002945
385,144.7,506,144.7,444.6,3.1053,385,94,94.92392879
386,144.7,505.9,144.7,444.6,3.1053,386,94,94.91481061
387,144.7,505.9,144.7,444.5,3.105,387,94,94.9072668
388,144.6,505.9,144.7,444.4,3.105,388,94,94.90090375
389,144.6,505.8,144.7,444.4,3.1051,389,94,94.89585267
390,144.6,505.8,144.6,444.4,3.1051,390,94,94.88784966
391,144.6,505.7,144.6,444.4,3.1051,391,94,94.88476654
392,144.6,505.7,144.6,444.4,3.1053,392,94,94.88181461
393,144.6,505.7,144.6,444.4,3.1054,393,94,94.87309002
394,144.6,505.6,144.6,444.3,3.1053,394,94,94.86482462
395,144.6,505.6,144.6,444.3,3.1051,395,94,94.85957675
396,144.6,505.6,144.6,444.2,3.105,396,94,94.84711305
397,144.5,505.6,144.6,444.2,3.105,397,94,94.83963483
398,144.5,505.5,144.6,444.2,3.1051,398,94,94.84186517
399,144.5,505.5,144.6,444.2,3.1051,399,94,94.83491174
400,144.5,505.4,144.6,444.1,3.105,400,94,94.82572796
401,144.4,506.6,144.1,441.9,3.0995,401,94,94.54955862
402,144.3,504.8,144.4,443.6,3.1043,402,94,94.74799384
403,144.4,504.9,144.5,444,3.1054,403,94,94.78984563
404,144.5,504.9,144.5,444.1,3.1058,404,94,94.79758624
405,144.5,504.9,144.5,444.1,3.1059,405,94,94.79424072
406,144.5,504.9,144.5,443.9,3.1051,406,94,94.77934988
407,144.4,504.9,144.5,443.8,3.1051,407,94,94.76826375
408,144.4,504.9,144.5,443.8,3.105,408,94,94.76288468
409,144.4,504.8,144.5,443.8,3.1053,409,94,94.75875198
410,144.4,504.7,144.4,443.8,3.105,410,94,94.749437
411,144.4,504.7,144.4,443.7,3.1053,411,94,94.74372994
412,144.4,504.7,144.4,443.7,3.1048,412,94,94.73835087
413,144.4,504.6,144.4,443.7,3.1051,413,94,94.73257821
414,144.4,504.6,144.4,443.6,3.1051,414,94,94.72201686
415,144.4,504.6,144.4,443.5,3.1046,415,94,94.70732282
416,144.3,504.6,144.4,443.5,3.1048,416,94,94.70319012
417,144.3,504.5,144.4,443.4,3.1046,417,94,94.6955151
418,144.3,504.4,144.3,443.4,3.1048,418,94,94.68816808
419,144.3,504.4,144.3,443.5,3.1051,419,94,94.68764329
420,144.3,504.4,144.3,443.5,3.1051,420,94,94.68147704
421,144.3,504.3,144.3,443.5,3.1053,421,94,94.67681955
422,144.3,504.2,144.3,443.4,3.105,422,94,94.66579902
423,144.3,504.2,144.3,443.3,3.105,423,94,94.65635285
424,144.3,504.2,144.3,443.2,3.1045,424,94,94.64408594
425,144.2,504.2,144.3,443.2,3.1048,425,94,94.63942845
426,144.2,504.2,144.3,443.2,3.1048,426,94,94.63365579
427,144.2,504.1,144.2,443.1,3.1046,427,94,94.62361924
428,144.2,504.1,144.2,443,3.1045,428,94,94.61345148
429,144.2,504.1,144.2,443,3.1046,429,94,94.61174592
430,144.2,504,144.2,443,3.1045,430,94,94.6043333
431,144.2,504,144.2,442.9,3.1045,431,94,94.59377195
432,144.2,504,144.2,442.9,3.1042,432,94,94.58635933
433,144.2,503.9,144.2,442.9,3.1043,433,94,94.57796274
434,144.1,503.9,144.2,442.8,3.1043,434,94,94.57304285
435,144.1,503.8,144.2,442.8,3.1043,435,94,94.56451506
436,144.1,503.8,144.2,442.8,3.1045,436,94,94.56090715
437,144.1,503.7,144.1,442.7,3.1043,437,94,94.55283854
438,144.1,503.7,144.1,442.7,3.1042,438,94,94.54700028
439,144.1,503.7,144.1,442.6,3.104,439,94,94.53919407
440,144.1,503.7,144.1,442.6,3.1042,440,94,94.53283102
441,144.1,503.6,144.1,442.6,3.1043,441,94,94.52692717
442,144.1,503.6,144.1,442.6,3.1045,442,94,94.52062972
443,144.1,503.5,144.1,442.6,3.1043,443,94,94.51485706
444,144,503.5,144.1,442.6,3.1048,444,94,94.51118355
445,144,503.4,144.1,442.6,3.1046,445,94,94.50554208
446,144,503.4,144.1,442.5,3.1045,446,94,94.49767027
447,144,503.4,144,442.5,3.1043,447,94,94.49045445
448,144,503.4,144,442.4,3.1045,448,94,94.48468179
449,144,503.3,144,442.5,3.1046,449,94,94.48048349
450,144,503.3,144,442.5,3.1048,450,94,94.47654758
451,144,503.2,144,442.4,3.1046,451,94,94.46854457
452,144,503.2,144,442.4,3.1048,452,94,94.46021358
453,144,503.2,144,442.3,3.1046,453,94,94.45326014
454,144,503.1,144,442.3,3.1045,454,94,94.44558513
455,143.9,503.1,144,442.2,3.1046,455,94,94.43627015
456,143.9,503.1,144,442.1,3.1045,456,94,94.42944792
457,143.9,503.1,143.9,442.1,3.1046,457,94,94.42492163
458,143.9,503,143.9,442.1,3.1046,458,94,94.41606584
459,143.9,503,143.9,442.1,3.1046,459,94,94.41048997
460,143.9,503,143.9,442,3.1046,460,94,94.40425812
461,143.9,502.9,143.9,442,3.1048,461,94,94.39953504
462,143.9,502.9,143.9,442,3.1048,462,94,94.39461516
463,143.9,502.9,143.9,442,3.1048,463,94,94.38746493
464,143.9,502.8,143.9,442,3.1046,464,94,94.38366022
465,143.8,502.8,143.9,442,3.105,465,94,94.38070829
466,143.8,502.7,143.9,442,3.105,466,94,94.37401725
467,143.8,502.7,143.9,442,3.1053,467,94,94.37152451
468,143.8,502.7,143.8,442,3.1053,468,94,94.36306232
469,143.8,502.6,143.8,441.9,3.1053,469,94,94.35604329
470,143.8,502.6,143.8,441.9,3.1051,470,94,94.35243537
471,143.8,502.6,143.8,441.8,3.1051,471,94,94.34462916
472,143.8,502.5,143.8,441.7,3.1048,472,94,94.33321504
473,143.8,502.5,143.8,441.7,3.1046,473,94,94.32573682
474,143.8,502.5,143.8,441.7,3.1048,474,94,94.32271929
475,143.8,502.5,143.8,441.7,3.105,475,94,94.31642184
476,143.7,502.4,143.8,441.7,3.105,476,94,94.31071478
477,143.7,502.4,143.8,441.6,3.105,477,94,94.30284297
478,143.7,502.3,143.8,441.6,3.105,478,94,94.29969425
479,143.7,502.3,143.7,441.6,3.105,479,94,94.29379039
480,143.7,502.3,143.7,441.5,3.1048,480,94,94.28224507
481,143.7,502.3,143.7,441.5,3.1048,481,94,94.27771878
482,143.7,502.2,143.7,441.5,3.1048,482,94,94.27220851
483,143.7,502.2,143.7,441.5,3.1051,483,94,94.26951897
484,143.7,502.1,143.7,441.5,3.1053,484,94,94.26479589
485,143.7,502.1,143.7,441.5,3.1054,485,94,94.2599416
486,143.7,502,143.7,441.4,3.1053,486,94,94.25298817
487,143.6,502,143.7,441.4,3.1053,487,94,94.24859308
488,143.6,502,143.7,441.4,3.1051,488,94,94.24052447
489,143.6,502,143.7,441.3,3.1053,489,94,94.23311185
490,143.6,501.9,143.6,441.3,3.1053,490,94,94.23029112
491,143.6,501.9,143.6,441.3,3.1051,491,94,94.22071375
492,143.6,501.9,143.6,441.3,3.1053,492,94,94.21697464
493,143.6,501.9,143.6,441.2,3.105,493,94,94.20831565
494,143.6,501.8,143.6,441.2,3.1051,494,94,94.20241179
495,143.6,501.8,143.6,441.1,3.1051,495,94,94.19585195
496,143.5,501.8,143.6,441,3.1045,496,94,94.18319145
497,143.5,501.7,143.6,441,3.1048,497,94,94.17623802
498,143.5,501.7,143.6,441,3.105,498,94,94.1729581
499,143.5,501.7,143.6,441,3.105,499,94,94.1690222
500,143.5,501.6,143.5,441,3.105,500,94,94.16318394
501,143.4,503,143.1,438.8,3.0992,501,93,93.90256142
502,143.3,501,143.4,440.6,3.1042,502,94,94.09935668
503,143.4,501.1,143.5,440.8,3.1051,503,94,94.12500566
504,143.5,501.1,143.5,440.9,3.1053,504,94,94.12808878
505,143.5,501.1,143.5,440.9,3.1054,505,94,94.1231033
506,143.4,501.1,143.5,440.9,3.1054,506,94,94.11936419
507,143.4,501,143.5,440.8,3.1056,507,94,94.11365713
508,143.4,501,143.5,440.8,3.1056,508,94,94.10552293
509,143.4,500.9,143.4,440.8,3.1054,509,94,94.09706073
510,143.4,500.9,143.4,440.7,3.1053,510,94,94.09187846
511,143.4,500.9,143.4,440.7,3.1053,511,94,94.08768016
512,143.4,500.8,143.4,440.6,3.1053,512,94,94.07633163
513,143.4,500.8,143.4,440.6,3.1053,513,94,94.07023098
514,143.4,500.8,143.4,440.6,3.1054,514,94,94.06498311
515,143.4,500.7,143.4,440.6,3.1056,515,94,94.05966963
516,143.4,500.7,143.4,440.6,3.1054,516,94,94.05186342
517,143.3,500.6,143.4,440.5,3.1053,517,94,94.04510678
518,143.3,500.6,143.4,440.5,3.1053,518,94,94.03638219
519,143.3,500.6,143.3,440.4,3.1054,519,94,94.03172471
520,143.3,500.6,143.3,440.3,3.105,520,94,94.0238529
521,143.3,500.5,143.3,440.3,3.1048,521,94,94.01480032
522,143.3,500.5,143.3,440.3,3.1051,522,94,94.00620692
523,143.3,500.4,143.3,440.2,3.1051,523,93,93.99905669
524,143.3,500.4,143.3,440.2,3.1051,524,93,93.99361203
525,143.2,500.4,143.3,440.2,3.1051,525,93,93.98488744
526,143.2,500.4,143.3,440.1,3.1048,526,93,93.97603165
527,143.2,500.3,143.3,440.1,3.1051,527,93,93.97649084
528,143.2,500.3,143.3,440.1,3.1051,528,93,93.9697342
529,143.2,500.2,143.2,440.1,3.1051,529,93,93.96625749
530,143.2,500.2,143.2,440,3.105,530,93,93.95694251
531,143.2,500.2,143.2,440,3.105,531,93,93.94972668
532,143.2,500.1,143.2,439.9,3.1048,532,93,93.94172368
533,143.2,500.1,143.2,439.9,3.1048,533,93,93.93378627
534,143.2,500.1,143.2,439.9,3.105,534,93,93.9285384
535,143.2,500.1,143.2,439.9,3.1051,535,93,93.92466809
536,143.1,500,143.2,439.9,3.1051,536,93,93.9202074
537,143.1,500,143.2,439.9,3.1051,537,93,93.9158779
538,143.1,499.9,143.2,439.8,3.1051,538,93,93.90879327
539,143.1,499.9,143.1,439.8,3.105,539,93,93.90085586
540,143.1,499.9,143.1,439.7,3.105,540,93,93.8910817
541,143.1,499.9,143.1,439.6,3.1051,541,93,93.88202912
542,143.1,499.8,143.1,439.6,3.1053,542,93,93.87481329
543,143.1,499.8,143.1,439.6,3.1051,543,93,93.86851584
544,143.1,499.8,143.1,439.5,3.1051,544,93,93.86503913
545,143,499.7,143.1,439.5,3.1051,545,93,93.85834809
546,143,499.7,143.1,439.5,3.105,546,93,93.85178825
547,143,499.7,143.1,439.5,3.1051,547,93,93.84745875
548,143,499.7,143,439.4,3.105,548,93,93.83834057
549,143,499.6,143,439.3,3.1046,549,93,93.82535208
550,143,499.6,143,439.2,3.1045,550,93,93.8203666
551,143,499.6,143,439.2,3.1046,551,93,93.81465954
552,143,499.6,143,439.3,3.105,552,93,93.81242919
553,143,499.5,143,439.3,3.1051,553,93,93.81026445
554,143,499.4,143,439.3,3.1051,554,93,93.80298302
555,143,499.4,143,439.2,3.1051,555,93,93.79845673
556,142.9,499.4,143,439.1,3.1048,556,93,93.7873706
557,142.9,499.4,142.9,438.9,3.104,557,93,93.77038061
558,142.9,499.4,142.9,438.9,3.1042,558,93,93.76342718
559,142.9,499.4,142.9,438.8,3.1039,559,93,93.75594896
560,142.9,499.3,142.9,438.8,3.1039,560,93,93.74952031
561,142.9,499.3,142.9,438.8,3.1039,561,93,93.74807715
562,142.9,499.2,142.9,438.8,3.1042,562,93,93.7459124
563,142.9,499.2,142.9,438.8,3.1039,563,93,93.73685982
564,142.9,499.2,142.9,438.7,3.104,564,93,93.72787283
565,142.8,499.2,142.9,438.6,3.1037,565,93,93.71934504
566,142.8,499.1,142.9,438.6,3.1039,566,93,93.71468755
567,142.8,499.1,142.8,438.6,3.1039,567,93,93.70714373
568,142.8,499.1,142.9,438.6,3.104,568,93,93.70734053
569,142.8,499,142.8,438.6,3.1042,569,93,93.70196146
570,142.8,499,142.8,438.6,3.104,570,93,93.70104308
571,142.8,499,142.8,438.5,3.104,571,93,93.68930096
572,142.8,498.9,142.8,438.5,3.104,572,93,93.68588985
573,142.8,498.9,142.8,438.5,3.104,573,93,93.67703406
574,142.8,498.9,142.8,438.4,3.104,574,93,93.66994943
575,142.8,498.9,142.8,438.4,3.1037,575,93,93.66076565
576,142.7,498.8,142.8,438.4,3.1043,576,93,93.66247121
577,142.7,498.8,142.8,438.5,3.1043,577,93,93.6586665
578,142.7,498.7,142.8,438.4,3.1043,578,93,93.65328743
579,142.7,498.7,142.8,438.4,3.1045,16,93,93.64967952
580,142.7,498.6,142.8,438.4,3.1046,580,93,93.64443165
581,142.7,498.6,142.7,438.3,3.1043,581,93,93.63426389
582,142.7,498.6,142.7,438.3,3.1043,582,93,93.62488332
583,142.7,498.6,142.7,438.3,3.1042,583,93,93.62061942
584,142.7,498.5,142.7,438.3,3.1046,584,93,93.62120981
585,142.7,498.5,142.7,438.3,3.1048,585,93,93.61792988
586,142.7,498.4,142.7,438.4,3.105,586,93,93.61707711
587,142.7,498.4,142.7,438.4,3.1053,587,93,93.61458437
588,142.7,498.3,142.7,438.4,3.1053,588,93,93.61005807
589,142.7,498.3,142.7,438.3,3.1051,589,93,93.59936553
590,142.6,498.3,142.7,438.2,3.1048,590,93,93.58991936
591,142.6,498.3,142.7,438.2,3.105,591,93,93.58565546
592,142.6,498.2,142.7,438.2,3.1053,592,93,93.58329392
593,142.6,498.2,142.7,438.2,3.1051,593,93,93.57758686
594,142.6,498.1,142.6,438.2,3.1051,594,93,93.56938705
595,142.6,498.1,142.6,438.2,3.1054,595,93,93.56919026
596,142.6,498.1,142.6,438.2,3.1054,596,93,93.56446717
597,142.6,498.1,142.6,438.1,3.1051,597,93,93.55233147
598,142.6,498.1,142.6,438,3.1048,598,93,93.54039255
599,142.6,498,142.6,437.9,3.1046,599,93,93.53317673
600,142.6,498,142.6,438,3.105,600,93,93.53527588
601,142.2,498.6,141.9,435.1,3.0991,601,93,93.11603639
602,142.1,496.7,142.3,437,3.104,602,93,93.34996035
603,142.3,496.9,142.4,437.4,3.105,603,93,93.40361985
604,142.4,497,142.4,437.6,3.1054,604,93,93.42126583
605,142.4,497.1,142.4,437.5,3.105,605,93,93.42139702
606,142.4,497.1,142.4,437.5,3.105,606,93,93.42159382
607,142.4,497.1,142.4,437.4,3.1048,607,93,93.41641154
608,142.4,497.1,142.4,437.4,3.1046,608,93,93.41136047
609,142.4,497.1,142.4,437.4,3.1046,609,93,93.4099829
610,142.4,497.1,142.4,437.4,3.1048,610,93,93.40604699
611,142.4,497,142.4,437.4,3.1048,611,93,93.40066792
612,142.3,497,142.4,437.4,3.1048,612,93,93.39515766
613,142.3,497,142.4,437.3,3.1048,613,93,93.39122175
614,142.3,496.9,142.4,437.3,3.1048,614,93,93.38610507
615,142.3,497,142.3,437.2,3.1045,615,93,93.37731489
616,142.3,496.9,142.3,437.1,3.104,616,93,93.36524478
617,142.3,496.9,142.3,437.1,3.1043,617,93,93.36517918
618,142.3,496.8,142.3,437.1,3.1043,618,93,93.36117768
619,142.3,496.8,142.3,437.1,3.1045,619,93,93.35737297
620,142.3,496.8,142.3,437.1,3.1048,620,93,93.3517971
621,142.3,496.7,142.3,437.1,3.1046,621,93,93.34576205
622,142.3,496.7,142.3,437,3.1043,622,93,93.33395433
623,142.2,496.7,142.3,436.9,3.1045,623,93,93.32306499
624,142.2,496.7,142.3,436.8,3.1045,624,93,93.31821071
625,142.2,496.7,142.3,436.9,3.1045,625,93,93.31604596
626,142.2,496.6,142.3,436.9,3.1048,626,93,93.31538998
627,142.2,496.6,142.2,436.9,3.1046,627,93,93.30791176
628,142.2,496.5,142.2,436.8,3.1046,628,93,93.29951516
629,142.2,496.5,142.2,436.8,3.1045,629,93,93.29328331
630,142.2,496.5,142.2,436.7,3.1043,630,93,93.2853459
631,142.2,496.5,142.2,436.6,3.1039,631,93,93.27242302
632,142.2,496.5,142.2,436.6,3.104,632,93,93.26829031
633,142.1,496.5,142.2,436.5,3.104,633,93,93.26389522
634,142.1,496.4,142.2,436.5,3.1042,634,93,93.2605497
635,142.1,496.4,142.2,436.5,3.1042,635,93,93.25667939
636,142.1,496.3,142.2,436.5,3.1042,636,93,93.25123473
637,142.1,496.3,142.1,436.5,3.1042,637,93,93.24336292
638,142.1,496.3,142.1,436.4,3.1042,638,93,93.23601589
639,142.1,496.3,142.1,436.4,3.1042,639,93,93.22899686
640,142.1,496.3,142.1,436.3,3.1039,640,93,93.22033787
641,142.1,496.2,142.1,436.3,3.104,641,93,93.21627077
642,142.1,496.1,142.1,436.3,3.104,642,93,93.21233486
643,142.1,496.1,142.1,436.3,3.1042,643,93,93.20905494
644,142.1,496.1,142.1,436.3,3.1042,644,93,93.20282309
645,142.1,496,142.1,436.3,3.1043,645,93,93.19993676
646,142,496,142.1,436.2,3.1042,646,93,93.19219615
647,142,496,142.1,436.2,3.104,647,93,93.18347156
648,142,496,142,436.1,3.104,648,93,93.17848608
649,142,496,142,436.1,3.1037,649,93,93.17166384
650,142,495.9,142,436.1,3.104,650,93,93.16490721
651,142,495.9,142,436,3.1039,651,93,93.16136489
652,142,495.8,142,436,3.104,652,93,93.15493625
653,142,495.8,142,436,3.1039,653,93,93.14916359
654,142,495.8,142,435.9,3.1037,654,93,93.14207896
655,142,495.8,142,435.8,3.1034,655,93,93.13328877
656,141.9,495.8,142,435.8,3.1034,656,93,93.12613854
657,141.9,495.7,142,435.8,3.1035,657,93,93.12266183
658,141.9,495.7,141.9,435.8,3.1035,658,93,93.11597079
659,141.9,495.6,141.9,435.8,3.1039,659,93,93.11328125
660,141.9,495.6,141.9,435.8,3.1039,660,93,93.10947654
661,141.9,495.6,141.9,435.8,3.1039,661,93,93.10180153
662,141.9,495.5,141.9,435.7,3.1039,662,93,93.09635686
663,141.9,495.5,141.9,435.6,3.1035,663,93,93.08776347
664,141.9,495.5,141.9,435.6,3.1035,664,93,93.07785811
665,141.9,495.5,141.9,435.5,3.1034,665,93,93.07470938
666,141.8,495.5,141.9,435.5,3.1034,666,93,93.06637838
667,141.8,495.4,141.9,435.5,3.1034,667,93,93.0617209
668,141.8,495.4,141.9,435.5,3.1037,668,93,93.05811298
669,141.8,495.4,141.9,435.5,3.1037,669,93,93.05194673
670,141.8,495.3,141.8,435.5,3.1039,670,93,93.04761724
671,141.8,495.3,141.8,435.4,3.1034,671,93,93.03797427
672,141.8,495.3,141.8,435.3,3.1032,672,93,93.02944647
673,141.8,495.3,141.8,435.3,3.1031,673,93,93.02262424
674,141.8,495.2,141.8,435.2,3.1031,674,93,93.01376845
675,141.8,495.2,141.8,435.2,3.1029,675,93,93.00825818
676,141.8,495.2,141.8,435.2,3.1029,676,93,93.00222313
677,141.7,495.1,141.8,435.2,3.1032,677,92,92.99736885
678,141.7,495.1,141.8,435.2,3.1032,678,92,92.99441692
679,141.7,495.1,141.7,435.1,3.1029,679,92,92.98208442
680,141.7,495.1,141.7,435,3.1026,680,92,92.9744094
681,141.7,495.1,141.7,434.9,3.1027,681,92,92.96896473
682,141.7,495,141.7,435,3.1029,682,92,92.96456964
683,141.7,494.9,141.7,435,3.1034,683,92,92.96456964
684,141.7,494.9,141.7,435,3.1035,684,92,92.95840339
685,141.7,494.9,141.7,435,3.1035,685,92,92.95158115
686,141.7,494.8,141.7,435,3.1035,686,92,92.94751405
687,141.7,494.8,141.7,434.9,3.1032,687,92,92.94049502
688,141.6,494.8,141.7,434.8,3.1026,688,92,92.92750653
689,141.6,494.8,141.7,434.7,3.1027,689,92,92.92147148
690,141.6,494.7,141.6,434.7,3.1029,690,92,92.91819156
691,141.6,494.7,141.6,434.8,3.1031,691,92,92.9122877
692,141.6,494.7,141.6,434.8,3.1032,692,92,92.90736782
693,141.6,494.6,141.6,434.8,3.1034,693,92,92.90480948
694,141.6,494.6,141.6,434.7,3.1034,694,92,92.89765925
695,141.6,494.5,141.6,434.7,3.1032,695,92,92.89103381
696,141.6,494.6,141.6,434.6,3.1029,696,92,92.88165324
697,141.6,494.5,141.6,434.5,3.1027,697,92,92.87260066
698,141.5,494.5,141.6,434.5,3.1029,698,92,92.86479444
699,141.5,494.4,141.6,434.5,3.1029,699,92,92.86138333
700,141.5,494.4,141.6,434.5,3.1032,700,92,92.85639785
701,141.5,496,141.2,432.4,3.0978,701,92,92.60010483
702,141.3,493.8,141.4,434.1,3.1023,702,92,92.7837148
703,141.4,493.9,141.5,434.4,3.1032,703,92,92.8167764
704,141.5,493.9,141.5,434.4,3.1034,704,92,92.82477941
705,141.5,493.9,141.5,434.5,3.104,705,92,92.82891211
706,141.5,493.9,141.5,434.5,3.104,706,92,92.8292401
707,141.5,493.8,141.5,434.5,3.104,707,92,92.82287705
708,141.5,493.8,141.5,434.5,3.1042,708,92,92.81461165
709,141.5,493.8,141.5,434.4,3.1037,709,92,92.8004424
710,141.4,493.7,141.5,434.3,3.1039,710,92,92.79558811
711,141.4,493.7,141.4,434.3,3.1037,711,92,92.78804429
712,141.4,493.7,141.4,434.3,3.1039,712,92,92.78187804
713,141.4,493.6,141.4,434.3,3.104,713,92,92.77722056
714,141.4,493.6,141.4,434.3,3.1045,714,92,92.77269426
715,141.4,493.5,141.4,434.2,3.1045,715,92,92.76744639
716,141.4,493.5,141.4,434.2,3.1045,716,92,92.75734423
717,141.4,493.5,141.4,434.2,3.1045,717,92,92.74861965
718,141.4,493.5,141.4,434.1,3.1042,718,92,92.73845189
719,141.3,493.4,141.4,434.1,3.1043,719,92,92.73202325
720,141.3,493.3,141.4,434.1,3.1043,720,92,92.72716896
721,141.3,493.3,141.3,434,3.1045,721,92,92.7213307
722,141.3,493.3,141.3,434,3.1045,722,92,92.71496766
723,141.3,493.2,141.3,434,3.1043,723,92,92.7089326
724,141.3,493.2,141.3,433.9,3.1042,724,92,92.69922404
725,141.3,493.2,141.3,433.8,3.1037,725,92,92.68735072
726,141.3,493.2,141.3,433.8,3.1039,726,92,92.67698617
727,141.2,493.1,141.3,433.8,3.1042,727,92,92.67390305
728,141.2,493.1,141.3,433.7,3.104,728,92,92.66734321
729,141.2,493,141.3,433.7,3.1042,729,92,92.66052097
730,141.2,493,141.2,433.7,3.1043,730,92,92.65533869
731,141.2,492.9,141.2,433.7,3.1042,731,92,92.64897565
732,141.2,492.9,141.2,433.7,3.1043,732,92,92.64530214
733,141.2,492.9,141.2,433.6,3.1042,733,92,92.63808631
734,141.2,492.9,141.2,433.6,3.1042,734,92,92.62726257
735,141.2,492.8,141.2,433.5,3.104,735,92,92.61676682
736,141.2,492.8,141.2,433.5,3.1042,736,92,92.61204374
737,141.1,492.7,141.2,433.5,3.1043,737,92,92.60889501
738,141.1,492.7,141.2,433.5,3.1043,738,92,92.6012856
739,141.1,492.6,141.2,433.5,3.1043,739,92,92.59577533
740,141.1,492.6,141.1,433.4,3.1043,740,92,92.58586997
741,141.1,492.6,141.1,433.3,3.104,741,92,92.57898214
742,141.1,492.6,141.1,433.3,3.104,742,92,92.56684643
743,141.1,492.6,141.1,433.2,3.104,743,92,92.56120496
744,141.1,492.5,141.1,433.3,3.1043,744,92,92.5596962
745,141.1,492.5,141.1,433.2,3.1042,745,92,92.54972524
746,141.1,492.4,141.1,433.2,3.1042,746,92,92.54401818
747,141,492.4,141.1,433.1,3.1042,747,92,92.5348344
748,141,492.3,141.1,433.1,3.1042,748,92,92.52768417
749,141,492.3,141,433,3.1037,749,92,92.51548287
750,141,492.3,141,432.9,3.1035,750,92,92.50872623
751,141,492.3,141,432.9,3.1035,751,92,92.50013284
752,141,492.2,141,432.9,3.1039,752,92,92.49645933
753,141,492.2,141,432.9,3.104,753,92,92.4893091
754,141,492.1,141,432.9,3.1042,754,92,92.48248686
755,141,492.1,141,432.9,3.104,755,92,92.47730459
756,140.9,492,141,432.9,3.1042,756,92,92.47212231
757,140.9,492,141,432.8,3.104,757,92,92.46228255
758,140.9,492,140.9,432.7,3.104,758,92,92.45447634
759,140.9,492,140.9,432.7,3.1039,759,92,92.44535816
760,140.9,491.9,140.9,432.6,3.1037,760,92,92.44063507
761,140.9,491.9,140.9,432.6,3.1039,761,92,92.43427202
762,140.9,491.9,140.9,432.6,3.1039,762,92,92.42653141
763,140.9,491.8,140.9,432.6,3.1042,763,92,92.42023396
764,140.9,491.8,140.9,432.6,3.104,764,92,92.41118138
765,140.8,491.7,140.9,432.5,3.104,765,92,92.40396556
766,140.8,491.7,140.8,432.5,3.104,766,92,92.39530656
767,140.8,491.7,140.8,432.4,3.1039,767,92,92.38822194
768,140.8,491.7,140.8,432.4,3.1037,768,92,92.37779179
769,140.8,491.6,140.8,432.3,3.1037,769,92,92.37274071
770,140.8,491.6,140.8,432.2,3.1034,770,92,92.36257295
771,140.8,491.5,140.8,432.2,3.1034,771,92,92.35496354
772,140.8,491.5,140.8,432.2,3.1034,772,92,92.34532057
773,140.7,491.4,140.8,432.2,3.1035,773,92,92.3400727
774,140.7,491.5,140.8,432.1,3.1034,774,92,92.3318073
775,140.7,491.4,140.7,432,3.1029,775,92,92.31960599
776,140.7,491.4,140.7,432,3.1031,776,92,92.31304615
777,140.7,491.4,140.7,432,3.1032,777,92,92.30950383
778,140.7,491.3,140.7,431.9,3.1032,778,92,92.30281279
779,140.7,491.3,140.7,431.9,3.1032,779,92,92.294285
780,140.7,491.2,140.7,432,3.1037,780,92,92.29152987
781,140.7,491.2,140.7,431.9,3.1037,781,92,92.28260848
782,140.6,491.1,140.7,431.8,3.1034,782,92,92.27473667
783,140.6,491.1,140.7,431.8,3.1035,783,92,92.26771764
784,140.6,491.1,140.6,431.8,3.1037,784,92,92.26365054
785,140.6,491,140.6,431.8,3.1037,785,92,92.25899305
786,140.6,491,140.6,431.7,3.1035,786,92,92.24672615
787,140.6,491,140.6,431.6,3.1029,787,92,92.23268809
788,140.6,490.9,140.6,431.5,3.1029,788,92,92.22337311
789,140.6,490.9,140.6,431.5,3.1032,789,92,92.21602609
790,140.5,490.9,140.6,431.4,3.1029,790,92,92.20520235
791,140.5,490.9,140.5,431.3,3.1027,791,92,92.19254185
792,140.5,490.9,140.5,431.3,3.1026,792,92,92.18899954
793,140.5,490.8,140.5,431.3,3.1029,793,92,92.18368607
794,140.5,490.7,140.5,431.3,3.1034,794,92,92.17922537
795,140.5,490.7,140.5,431.3,3.1034,795,92,92.17128797
796,140.5,490.7,140.5,431.2,3.1031,796,92,92.16295697
797,140.5,490.6,140.5,431.2,3.1032,797,92,92.15718431
798,140.5,490.6,140.5,431.2,3.1031,798,92,92.14780373
799,140.4,490.6,140.5,431.1,3.1027,799,92,92.13730799
800,140.4,490.6,140.4,431,3.1024,800,92,92.1284522
801,140.6,493.1,140.3,429.6,3.0967,801,92,92.03556484
802,140.5,490.7,140.6,431.4,3.1016,802,92,92.22980176
803,140.6,490.8,140.7,431.8,3.1027,803,92,92.27303111
804,140.6,490.9,140.7,431.8,3.1027,804,92,92.28018134
805,140.6,490.9,140.7,431.8,3.1027,805,92,92.28352686
806,140.6,491,140.7,431.7,3.1026,806,92,92.27532706
807,140.6,490.9,140.7,431.7,3.1027,807,92,92.27283432
808,140.6,490.9,140.7,431.8,3.1029,808,92,92.26758644
809,140.6,490.8,140.6,431.7,3.1031,809,92,92.26043622
810,140.6,490.8,140.6,431.8,3.1031,810,92,92.25774668
811,140.6,490.7,140.6,431.7,3.1032,811,92,92.25203962
812,140.6,490.7,140.6,431.7,3.1032,812,92,92.24416781
813,140.6,490.7,140.6,431.6,3.1029,813,92,92.23386886
814,140.6,490.6,140.6,431.5,3.1027,814,92,92.22343871
815,140.6,490.6,140.6,431.5,3.1031,815,92,92.21609169
816,140.5,490.6,140.6,431.5,3.1031,816,92,92.21202458
817,140.5,490.6,140.6,431.4,3.1031,817,92,92.20218482
818,140.5,490.5,140.6,431.4,3.1034,818,92,92.19916729
819,140.5,490.5,140.5,431.5,3.1034,819,92,92.19569058
820,140.5,490.4,140.5,431.4,3.1035,820,92,92.19031151
821,140.5,490.4,140.5,431.4,3.1034,821,92,92.18322688
822,140.5,490.4,140.5,431.4,3.1034,822,92,92.17666704
823,140.5,490.4,140.5,431.4,3.1035,823,92,92.16866403
824,140.5,490.3,140.5,431.4,3.1037,824,92,92.16466253
825,140.5,490.2,140.5,431.4,3.1039,825,92,92.15974264
826,140.5,490.2,140.5,431.4,3.104,826,92,92.15495396
827,140.4,490.1,140.5,431.4,3.1042,827,92,92.1490501
828,140.4,490.1,140.5,431.3,3.104,828,92,92.14196547
829,140.4,490.1,140.5,431.3,3.1042,829,92,92.1365864
830,140.4,490.1,140.4,431.3,3.104,830,92,92.12773062
831,140.4,490,140.4,431.2,3.104,831,92,92.12097398
832,140.4,490,140.4,431.2,3.1042,832,92,92.1159885
833,140.4,490,140.4,431.2,3.1042,833,92,92.11074063
834,140.4,489.9,140.4,431.1,3.104,834,92,92.10509916
835,140.4,489.9,140.4,431.1,3.104,835,92,92.09683376
836,140.4,489.8,140.4,431.1,3.1042,836,92,92.09073311
837,140.4,489.8,140.4,431,3.1039,837,92,92.08148373
838,140.3,489.8,140.4,430.9,3.1037,838,92,92.07085679
839,140.3,489.8,140.3,430.9,3.1035,839,92,92.06318177
840,140.3,489.8,140.3,430.8,3.1034,840,92,92.05708112
841,140.3,489.7,140.3,430.8,3.1034,841,92,92.05071807
842,140.3,489.7,140.3,430.8,3.1037,842,92,92.04796294
843,140.3,489.6,140.3,430.8,3.1037,843,92,92.04310866
844,140.3,489.6,140.3,430.8,3.1039,844,92,92.03399048
845,140.3,489.6,140.3,430.7,3.1035,845,92,92.02592187
846,140.2,489.6,140.3,430.6,3.1032,846,92,92.01286779
847,140.2,489.6,140.3,430.5,3.1029,847,92,92.00709512
848,140.2,489.5,140.3,430.5,3.1032,848,92,92.00342161
849,140.2,489.5,140.2,430.5,3.1032,849,91,91.99738656
850,140.2,489.5,140.2,430.5,3.1031,850,91,91.98984274
851,140.2,489.4,140.2,430.4,3.1031,851,91,91.98446367
852,140.2,489.4,140.2,430.4,3.1031,852,91,91.97810062
853,140.2,489.4,140.2,430.3,3.1027,853,91,91.96891685
854,140.2,489.4,140.2,430.2,3.1024,854,91,91.9584867
855,140.1,489.4,140.2,430.2,3.1023,855,91,91.95100848
856,140.1,489.3,140.2,430.2,3.1026,856,91,91.94805655
857,140.1,489.3,140.2,430.2,3.1026,857,91,91.94228389
858,140.1,489.2,140.2,430.2,3.1029,858,91,91.94051273
859,140.1,489.2,140.2,430.2,3.1032,859,91,91.937692
860,140.1,489.1,140.1,430.3,3.1032,860,91,91.93493686
861,140.1,489.1,140.1,430.2,3.1034,861,91,91.92909861
862,140.1,489.1,140.1,430.1,3.1029,862,91,91.91958683
863,140.1,489.1,140.1,430.1,3.1027,863,91,91.90902549
864,140.1,489.1,140.1,430,3.1024,864,91,91.89892333
865,140.1,489,140.1,430,3.1024,865,91,91.89669299
866,140.1,489,140.1,430,3.1026,866,91,91.89164191
867,140.1,488.9,140.1,430,3.1031,867,91,91.88842759
868,140,488.9,140.1,430,3.1031,868,91,91.88468848
869,140,488.9,140.1,430,3.1032,869,91,91.879703
870,140,488.8,140.1,430,3.1032,870,91,91.87353675
871,140,488.8,140,429.9,3.1029,871,91,91.86494335
872,140,488.8,140,429.9,3.1031,872,91,91.85976108
873,140,488.8,140,429.9,3.1032,873,91,91.85838351
874,140,488.7,140,429.9,3.1032,874,91,91.85254525
875,140,488.7,140,429.9,3.1034,875,91,91.84801896
876,140,488.6,140,429.9,3.1034,876,91,91.8424431
877,140,488.6,140,429.8,3.1034,877,91,91.83837599
878,140,488.6,140,429.8,3.1031,878,91,91.82728986
879,139.9,488.6,140,429.7,3.1029,879,91,91.81856527
880,139.9,488.6,140,429.6,3.1027,880,91,91.81364539
881,139.9,488.6,140,429.6,3.1027,881,91,91.8089223
882,139.9,488.5,140,429.6,3.1029,882,91,91.80557678
883,139.9,488.5,139.9,429.5,3.1026,883,91,91.79521223
884,139.9,488.4,139.9,429.5,3.1026,884,91,91.79193231
885,139.9,488.4,139.9,429.4,3.1023,885,91,91.78222375
886,139.9,488.4,139.9,429.3,3.1016,886,91,91.77048163
887,139.9,488.5,139.9,429.2,3.1015,887,91,91.76064187
888,139.8,488.4,139.9,429.2,3.1015,888,91,91.75624677
889,139.8,488.4,139.9,429.1,3.1015,889,91,91.74935894
890,139.8,488.4,139.9,429.1,3.1013,890,91,91.74430786
891,139.8,488.4,139.8,429.1,3.1013,891,91,91.73879759
892,139.8,488.3,139.8,429.1,3.1019,892,91,91.73814161
893,139.8,488.2,139.8,429.2,3.1023,893,91,91.73591126
894,139.8,488.2,139.8,429.1,3.1019,894,91,91.72712108
895,139.8,488.2,139.8,429,3.1015,895,91,91.71846208
896,139.8,488.2,139.8,428.9,3.1013,896,91,91.7094095
897,139.8,488.2,139.8,429,3.1018,897,91,91.70842553
898,139.8,488.1,139.8,429,3.1019,898,91,91.70455522
899,139.8,488.1,139.8,429,3.1021,899,91,91.70147209
900,139.8,488,139.8,429,3.1019,900,91,91.69412507
901,139.7,489.9,139.4,426.9,3.0959,901,91,91.46400582
902,139.6,487.5,139.7,428.7,3.1008,902,91,91.67267439
903,139.7,487.7,139.8,429.1,3.1018,903,91,91.72088923
904,139.8,487.9,139.9,429.2,3.1021,904,91,91.74010956
905,139.8,487.9,139.9,429.3,3.1024,905,91,91.74588222
906,139.8,487.9,139.9,429.3,3.1026,906,91,91.74548863
907,139.8,487.9,139.9,429.3,3.1024,907,91,91.74004396
908,139.8,487.9,139.8,429.2,3.1023,908,91,91.73545207
909,139.8,487.9,139.9,429.3,3.1026,909,91,91.74069995
910,139.8,487.8,139.8,429.4,3.1031,910,91,91.73919118
911,139.8,487.8,139.8,429.4,3.1032,911,91,91.73682964
912,139.8,487.8,139.8,429.3,3.1031,912,91,91.72751467
913,139.8,487.8,139.8,429.2,3.1027,913,91,91.71983965
914,139.8,487.7,139.8,429.1,3.1024,914,91,91.70993429
915,139.8,487.8,139.8,429.1,3.1024,915,91,91.70501441
916,139.8,487.7,139.8,429.1,3.1024,916,91,91.69924175
917,139.8,487.7,139.8,429.1,3.1024,917,91,91.69530584
918,139.7,487.7,139.8,429.1,3.1024,918,91,91.68992677
919,139.7,487.6,139.8,429,3.1024,919,91,91.68231736
920,139.7,487.6,139.8,428.9,3.1021,920,91,91.67437995
921,139.7,487.6,139.7,428.9,3.1023,921,91,91.67103443
922,139.7,487.5,139.7,429,3.1024,922,91,91.66873848
923,139.7,487.5,139.7,428.9,3.1027,923,91,91.65732436
924,139.7,487.5,139.7,428.9,3.1027,924,91,91.65109251
925,139.7,487.4,139.7,428.9,3.1029,925,91,91.64853417
926,139.7,487.4,139.7,428.9,3.1031,926,91,91.64571344
927,139.7,487.3,139.7,428.9,3.1029,927,91,91.64033437
928,139.7,487.3,139.7,428.8,3.1031,928,91,91.63698885
929,139.7,487.3,139.7,428.8,3.1029,929,91,91.62892024
930,139.6,487.3,139.7,428.8,3.1029,930,91,91.62314758
931,139.6,487.2,139.7,428.8,3.1031,931,91,91.61724373
932,139.6,487.2,139.7,428.7,3.1031,932,91,91.60924072
933,139.6,487.2,139.6,428.7,3.1032,933,91,91.60661678
934,139.6,487.2,139.6,428.7,3.1031,934,91,91.6016313
935,139.6,487.1,139.6,428.7,3.1034,935,91,91.59822018
936,139.6,487.1,139.6,428.7,3.1032,936,91,91.5932347
937,139.6,487.1,139.6,428.6,3.1031,937,91,91.58844602
938,139.6,487,139.6,428.6,3.1032,938,91,91.58195178
939,139.6,487,139.6,428.6,3.1034,939,91,91.57722869
940,139.6,487,139.6,428.6,3.1032,940,91,91.57158723
941,139.6,487,139.6,428.5,3.1031,941,91,91.5642402
942,139.6,486.9,139.6,428.5,3.1031,942,91,91.55813955
943,139.5,486.9,139.6,428.5,3.1031,943,91,91.55499083
944,139.5,486.9,139.6,428.4,3.1029,944,91,91.55079253
945,139.5,486.9,139.6,428.4,3.1031,945,91,91.54259273
946,139.5,486.8,139.5,428.3,3.1023,946,91,91.53301536
947,139.5,486.9,139.5,428.2,3.1021,947,91,91.52422517
948,139.5,486.9,139.5,428.1,3.1018,948,91,91.51405741
949,139.5,486.8,139.5,428.1,3.1018,949,91,91.51235185
950,139.5,486.8,139.5,428,3.1018,950,91,91.50572641
951,139.5,486.8,139.5,428.1,3.1019,951,91,91.50388966
952,139.5,486.7,139.5,428.1,3.1019,952,91,91.50021615
953,139.5,486.7,139.5,428.1,3.1021,953,91,91.4939843
954,139.4,486.7,139.5,428,3.1021,954,91,91.49024519
955,139.4,486.6,139.5,427.9,3.1015,955,91,91.47929025
956,139.4,486.6,139.4,427.7,3.1008,956,91,91.46538339
957,139.4,486.6,139.4,427.6,3.1003,957,91,91.45941393
958,139.4,486.6,139.4,427.6,3.1005,958,91,91.45705239
959,139.4,486.6,139.4,427.7,3.1013,959,91,91.45482204
960,139.4,486.5,139.4,427.8,3.1013,960,91,91.45403486
961,139.4,486.4,139.4,427.8,3.1015,961,91,91.45101733
962,139.4,486.4,139.4,427.8,3.1016,962,91,91.44570386
963,139.4,486.4,139.4,427.7,3.1018,963,91,91.44052159
964,139.4,486.3,139.4,427.7,3.1016,964,91,91.43310896
965,139.4,486.3,139.4,427.7,3.1018,965,91,91.43048503
966,139.3,486.3,139.4,427.8,3.1021,966,91,91.43120661
967,139.3,486.3,139.4,427.8,3.1023,967,91,91.42884507
968,139.3,486.3,139.4,427.8,3.1023,968,91,91.42248202
969,139.3,486.2,139.4,427.8,3.1026,969,91,91.4190709
970,139.3,486.2,139.4,427.8,3.1027,970,91,91.41592218
971,139.3,486.2,139.3,427.7,3.1024,971,91,91.41028072
972,139.3,486.2,139.3,427.7,3.1026,972,91,91.40634481
973,139.3,486.2,139.3,427.7,3.1024,973,91,91.39748902
974,139.3,486.2,139.3,427.6,3.1024,974,91,91.39197876
975,139.3,486.2,139.3,427.7,3.1027,975,91,91.3944715
976,139.3,486.1,139.3,427.7,3.1031,976,91,91.39270034
977,139.3,486.1,139.3,427.8,3.1032,977,91,91.38856764
978,139.3,486,139.3,427.7,3.1032,978,91,91.3816798
979,139.3,486,139.3,427.7,3.1031,979,91,91.37630073
980,139.3,486,139.3,427.6,3.1029,980,91,91.36849452
981,139.2,486,139.3,427.5,3.1026,981,91,91.36403383
982,139.2,486,139.3,427.5,3.1024,982,91,91.35832677
983,139.2,485.9,139.3,427.4,3.1023,983,91,91.35255411
984,139.2,485.9,139.2,427.4,3.1021,984,91,91.34415751
985,139.2,485.9,139.2,427.4,3.1023,985,91,91.3406152
986,139.2,485.8,139.2,427.4,3.1026,986,91,91.33864724
987,139.2,485.8,139.2,427.4,3.1027,987,91,91.3360889
988,139.2,485.8,139.2,427.4,3.1026,988,91,91.32972586
989,139.2,485.8,139.2,427.3,3.1021,989,91,91.32152606
990,139.2,485.8,139.2,427.4,3.1026,990,91,91.3240188
991,139.2,485.7,139.2,427.4,3.1029,991,91,91.32080447
992,139.2,485.7,139.2,427.4,3.1032,992,91,91.32067328
993,139.2,485.7,139.2,427.4,3.1032,993,91,91.31522861
994,139.2,485.6,139.2,427.4,3.1032,994,91,91.30945595
995,139.2,485.6,139.2,427.4,3.1032,995,91,91.30611043
996,139.2,485.6,139.2,427.3,3.1032,996,91,91.29941939
997,139.1,485.6,139.2,427.3,3.1029,997,91,91.28938283
998,139.1,485.6,139.2,427.2,3.1024,998,91,91.28610291
999,139.1,485.6,139.2,427.2,3.1029,999,91,91.28197021
1000,139.1,485.5,139.1,427.2,3.1027,1000,91,91.27652554
1001,139.1,487.4,138.8,425,3.0957,1001,91,91.05204775
1002,139,485.3,139.1,426.8,3.1008,1002,91,91.26635779
1003,139.1,485.5,139.2,427.3,3.1019,1003,91,91.32146046
1004,139.2,485.6,139.2,427.4,3.1023,1004,91,91.34015601
1005,139.2,485.6,139.3,427.5,3.1026,1005,91,91.34933978
1006,139.2,485.7,139.3,427.5,3.1027,1006,91,91.34842141
1007,139.2,485.7,139.3,427.5,3.1026,1007,91,91.34691264
1008,139.2,485.7,139.2,427.4,3.1021,1008,91,91.33845045
1009,139.2,485.7,139.2,427.3,3.1021,1009,91,91.33392416
1010,139.2,485.7,139.2,427.3,3.1023,1010,91,91.33130022
1011,139.2,485.7,139.2,427.4,3.1023,1011,91,91.33149701
1012,139.2,485.6,139.2,427.4,3.1024,1012,91,91.32887308
1013,139.2,485.6,139.2,427.4,3.1027,1013,91,91.32578995
1014,139.2,485.6,139.2,427.3,3.1023,1014,91,91.31647498
1015,139.2,485.5,139.2,427.3,3.1023,1015,91,91.30958714
1016,139.2,485.5,139.2,427.2,3.1021,1016,91,91.30525765
1017,139.2,485.5,139.2,427.2,3.1019,1017,91,91.29863221
1018,139.1,485.5,139.2,427.1,3.1019,1018,91,91.29135078
1019,139.1,485.4,139.2,427.1,3.1019,1019,91,91.28859565
1020,139.1,485.4,139.2,427.2,3.1021,1020,91,91.28616851
1021,139.1,485.4,139.2,427.2,3.1024,1021,91,91.28603731
1022,139.1,485.3,139.2,427.2,3.1024,1022,91,91.28019905
1023,139.1,485.3,139.1,427.1,3.1023,1023,91,91.27318002
1024,139.1,485.3,139.1,427.1,3.1023,1024,91,91.26786655
1025,139.1,485.3,139.1,427.1,3.1026,1025,91,91.26668578
1026,139.1,485.3,139.1,427.1,3.1027,1026,91,91.26242188
1027,139.1,485.2,139.1,427.1,3.1027,1027,91,91.25809238
1028,139.1,485.2,139.1,427.1,3.1029,1028,91,91.25533725
1029,139.1,485.2,139.1,427.1,3.1029,1029,91,91.25153254
1030,139.1,485.1,139.1,427.1,3.1029,1030,91,91.24602228
1031,139.1,485.1,139.1,427,3.1024,1031,91,91.23762568
1032,139,485.1,139.1,426.9,3.1023,1032,91,91.23414896
1033,139,485.1,139.1,426.8,3.1019,1033,91,91.22161966
1034,139,485.1,139.1,426.8,3.1021,1034,91,91.21932372
1035,139,485.1,139,426.8,3.1019,1035,91,91.21263268
1036,139,485,139,426.8,3.1021,1036,91,91.20935276
1037,139,485,139,426.8,3.1023,1037,91,91.20725361
1038,139,485,139,426.8,3.1024,1038,91,91.20462967
1039,139,485,139,426.8,3.1021,1039,91,91.19682346
1040,139,484.9,139,426.7,3.1023,1040,91,91.19216597
1041,139,484.9,139,426.7,3.1021,1041,91,91.18724609
1042,139,484.9,139,426.7,3.1023,1042,91,91.18357258
1043,139,484.9,139,426.7,3.1021,1043,91,91.17917749
1044,139,484.8,139,426.7,3.1023,1044,91,91.17379842
1045,139,484.8,139,426.7,3.1024,1045,91,91.17320803
1046,139,484.8,139,426.7,3.1026,1046,91,91.17097769
1047,138.9,484.8,139,426.6,3.1021,1047,91,91.16297468
1048,138.9,484.8,139,426.6,3.1019,1048,91,91.15621804
1049,138.9,484.7,139,426.5,3.1019,1049,91,91.1535941
1050,138.9,484.7,139,426.5,3.1021,1050,91,91.15005179
1051,138.9,484.6,138.9,426.5,3.1021,1051,91,91.14677187
1052,138.9,484.6,138.9,426.5,3.1019,1052,91,91.14040882
1053,138.9,484.6,138.9,426.5,3.1021,1053,91,91.1373913
1054,138.9,484.6,138.9,426.4,3.1019,1054,91,91.13332419
1055,138.9,484.6,138.9,426.3,3.1013,1055,91,91.12407482
1056,138.9,484.6,138.9,426.3,3.1018,1056,91,91.11567822
1057,138.9,484.6,138.9,426.3,3.1018,1057,91,91.11187351
1058,138.9,484.6,138.9,426.3,3.1024,1058,91,91.11167672
1059,138.9,484.5,138.9,426.4,3.1024,1059,91,91.11207031
1060,138.9,484.5,138.9,426.3,3.1024,1060,91,91.10610085
1061,138.9,484.4,138.9,426.4,3.1027,1061,91,91.10662564
1062,138.9,484.4,138.9,426.4,3.1027,1062,91,91.10131217
1063,138.8,484.3,138.9,426.3,3.1026,1063,91,91.09403074
1064,138.8,484.4,138.9,426.1,3.1018,1064,91,91.08458457
1065,138.8,484.4,138.8,426,3.1016,1065,91,91.07572878
1066,138.8,484.4,138.8,426,3.1013,1066,91,91.07198967
1067,138.8,484.4,138.8,426,3.1016,1067,91,91.06844736
1068,138.8,484.3,138.8,426,3.1018,1068,91,91.066545
1069,138.8,484.3,138.8,426.1,3.1021,1069,91,91.06306829
1070,138.8,484.2,138.8,426,3.1019,1070,91,91.05749242
1071,138.8,484.2,138.8,426,3.1019,1071,91,91.05499968
1072,138.8,484.2,138.8,426,3.1019,1072,91,91.05165416
1073,138.8,484.2,138.8,425.9,3.1015,1073,91,91.04404475
1074,138.8,484.2,138.8,425.8,3.1015,1074,91,91.03486097
1075,138.7,484.1,138.8,425.9,3.1015,1075,91,91.03394259
1076,138.7,484.1,138.8,425.8,3.1013,1076,91,91.02738275
1077,138.7,484.1,138.8,425.8,3.1011,1077,91,91.02259406
1078,138.7,484.1,138.7,425.7,3.1011,1078,91,91.01655901
1079,138.7,484,138.7,425.8,3.1015,1079,91,91.01537824
1080,138.7,484,138.7,425.7,3.1013,1080,91,91.01242631
1081,138.7,484,138.7,425.7,3.1013,1081,91,91.00534168
1082,138.7,484,138.7,425.7,3.1011,1082,91,91.00127458
1083,138.7,484,138.7,425.7,3.1015,1083,90,90.99996261
1084,138.7,483.9,138.7,425.8,3.1019,1084,91,91.00147137
1085,138.7,483.9,138.7,425.8,3.1019,1085,90,90.99510833
1086,138.7,483.9,138.7,425.8,3.1021,1086,90,90.99150041
1087,138.7,483.9,138.7,425.8,3.1023,1087,90,90.98966366
1088,138.7,483.9,138.7,425.7,3.1018,1088,90,90.98546536
1089,138.7,483.8,138.7,425.6,3.1015,1089,90,90.97883992
1090,138.7,483.8,138.7,425.6,3.1015,1090,90,90.97437923
1091,138.6,483.8,138.7,425.6,3.1016,1091,90,90.97050892
1092,138.6,483.8,138.7,425.6,3.1016,1092,90,90.96585143
1093,138.6,483.8,138.7,425.6,3.1016,1093,90,90.96178433
1094,138.6,483.7,138.7,425.5,3.1016,1094,90,90.95778283
1095,138.6,483.7,138.7,425.5,3.1018,1095,90,90.95417491
1096,138.6,483.6,138.7,425.6,3.1019,1096,90,90.95338773
1097,138.6,483.7,138.6,425.5,3.1021,1097,90,90.94840225
1098,138.6,483.8,138.6,425.3,3.1008,1098,90,90.93305222
1099,138.6,483.7,138.6,425.4,3.1013,1099,90,90.93456099
1100,138.6,483.6,138.6,425.4,3.1015,1100,90,90.93515137
1101,138.4,484.9,138.2,423,3.0944,1101,90,90.64035208
1102,138.3,482.9,138.5,424.9,3.1003,1102,90,90.85899161
1103,138.5,483.1,138.6,425.4,3.1016,1103,90,90.91625903
1104,138.6,483.3,138.6,425.5,3.1019,1104,90,90.93239624
1105,138.6,483.3,138.6,425.5,3.1021,1105,90,90.94158002
1106,138.6,483.3,138.6,425.5,3.1018,1106,90,90.93948087
1107,138.6,483.4,138.6,425.5,3.1018,1107,90,90.93613535
1108,138.6,483.4,138.6,425.5,3.1016,1108,90,90.93646334
1109,138.6,483.3,138.6,425.5,3.1018,1109,90,90.93252743
1110,138.6,483.3,138.6,425.4,3.1015,1110,90,90.9257052
1111,138.6,483.3,138.6,425.4,3.1016,1111,90,90.92222848
1112,138.6,483.3,138.6,425.4,3.1015,1112,90,90.917571
1113,138.6,483.3,138.6,425.4,3.1016,1113,90,90.91527505
1114,138.6,483.2,138.6,425.3,3.1015,1114,90,90.91022397
1115,138.5,483.2,138.6,425.3,3.1013,1115,90,90.90432012
1116,138.5,483.2,138.6,425.3,3.1013,1116,90,90.89985942
1117,138.5,483.2,138.6,425.3,3.1019,1117,90,90.89913784
1118,138.5,483.1,138.6,425.3,3.1019,1118,90,90.89513634
1119,138.5,483.1,138.6,425.3,3.1016,1119,90,90.89021646
1120,138.5,483.1,138.5,425.3,3.1019,1120,90,90.88601816
1121,138.5,483,138.5,425.3,3.1021,1121,90,90.88208225
1122,138.5,483,138.5,425.2,3.1019,1122,90,90.87814635
1123,138.5,483,138.5,425.1,3.1015,1123,90,90.86843778
1124,138.5,482.9,138.5,425.1,3.1016,1124,90,90.86305871
1125,138.5,483,138.5,425.1,3.1015,1125,90,90.85787643
1126,138.5,483,138.5,425.1,3.1013,1126,90,90.85256296
1127,138.5,483,138.5,425.1,3.1018,1127,90,90.85171018
1128,138.5,482.9,138.5,425.1,3.1021,1128,90,90.85013582
1129,138.5,482.9,138.5,425.1,3.1021,1129,90,90.84515034
1130,138.5,482.9,138.5,425.1,3.1021,1130,90,90.84292
1131,138.4,482.9,138.5,425.1,3.1019,1131,90,90.84016486
1132,138.4,482.9,138.5,425,3.1018,1132,90,90.8345234
1133,138.4,482.9,138.5,425.1,3.1023,1133,90,90.83255545
1134,138.4,482.8,138.5,425.1,3.1021,1134,90,90.82855394
1135,138.4,482.8,138.5,425.1,3.1024,1135,90,90.82704518
1136,138.4,482.8,138.5,425.1,3.1026,1136,90,90.82389645
1137,138.4,482.8,138.4,425.1,3.1027,1137,90,90.81884538
1138,138.4,482.8,138.4,425.1,3.1024,1138,90,90.81595905
1139,138.4,482.8,138.4,425,3.1023,1139,90,90.80802164
1140,138.4,482.8,138.4,424.9,3.1019,1140,90,90.80041222
1141,138.4,482.8,138.4,424.9,3.1018,1141,90,90.79542674
1142,138.4,482.7,138.4,424.9,3.1019,1142,90,90.79372118
1143,138.4,482.7,138.4,424.9,3.1023,1143,90,90.79063806
1144,138.4,482.7,138.4,424.9,3.1023,1144,90,90.7845374
1145,138.4,482.6,138.4,424.9,3.1021,1145,90,90.78165107
1146,138.4,482.6,138.4,424.9,3.1024,1146,90,90.77902714
1147,138.4,482.6,138.4,424.7,3.1018,1147,90,90.77017135
1148,138.3,482.6,138.4,424.7,3.1015,1148,90,90.76275873
1149,138.3,482.6,138.4,424.7,3.1016,1149,90,90.76039719
1150,138.3,482.6,138.4,424.7,3.1021,1150,90,90.75672367
1151,138.3,482.5,138.3,424.6,3.1016,1151,90,90.75127901
1152,138.3,482.5,138.3,424.5,3.1011,1152,90,90.74478476
1153,138.3,482.4,138.3,424.6,3.1013,1153,90,90.74170164
1154,138.3,482.3,138.3,424.6,3.1016,1154,90,90.73940569
1155,138.3,482.3,138.3,424.5,3.1015,1155,90,90.734945
1156,138.3,482.3,138.3,424.4,3.101,1156,90,90.72589242
1157,138.3,482.3,138.3,424.4,3.1008,1157,90,90.71874219
1158,138.3,482.3,138.3,424.4,3.1008,1158,90,90.71487188
1159,138.3,482.2,138.3,424.3,3.1007,1159,90,90.70883683
1160,138.2,482.2,138.3,424.3,3.1005,1160,90,90.70476973
1161,138.2,482.2,138.3,424.3,3.1008,1161,90,90.70286737
1162,138.2,482.2,138.3,424.4,3.1013,1162,90,90.70109622
1163,138.2,482.2,138.3,424.3,3.1011,1163,90,90.69525796
1164,138.2,482.1,138.3,424.2,3.1008,1164,90,90.69046927
1165,138.2,482.1,138.2,424.1,3.1003,1165,90,90.68121989
1166,138.2,482.2,138.2,424.1,3.1003,1166,90,90.67662801
1167,138.2,482.1,138.2,424.2,3.1008,1167,90,90.6767592
1168,138.2,482.1,138.2,424.1,3.1007,1168,90,90.67229851
1169,138.2,482.1,138.2,424.1,3.1007,1169,90,90.67039616
1170,138.2,482.1,138.2,424.1,3.1008,1170,90,90.66580427
1171,138.2,482.1,138.2,424.2,3.1011,1171,90,90.66272114
1172,138.2,482,138.2,424.1,3.1007,1172,90,90.65655489
1173,138.2,482,138.2,423.9,3.1002,1173,90,90.64632154
1174,138.1,482,138.2,424,3.1003,1174,90,90.64461598
1175,138.1,482,138.2,424,3.1007,1175,90,90.64441918
1176,138.1,482,138.2,424,3.1008,1176,90,90.64159845
1177,138.1,481.9,138.2,424,3.101,1177,90,90.63740015
1178,138.1,481.9,138.2,424,3.1008,1178,90,90.63471062
1179,138.1,481.9,138.2,424,3.1008,1179,90,90.62939714
1180,138.1,481.9,138.1,423.9,3.1007,1180,90,90.62369008
1181,138.1,481.9,138.1,423.8,3.1003,1181,90,90.61732704
1182,138.1,481.9,138.1,423.8,3.1002,1182,90,90.61234156
1183,138.1,481.8,138.1,423.8,3.1005,1183,90,90.61247275
1184,138.1,481.8,138.1,423.8,3.1007,1184,90,90.60591291
1185,138.1,481.8,138.1,423.8,3.1007,1185,90,90.60499453
1186,138.1,481.8,138.1,423.8,3.1007,1186,90,90.60092743
1187,138.1,481.8,138.1,423.8,3.1007,1187,90,90.59495797
1188,138.1,481.7,138.1,423.8,3.1005,1188,90,90.59062848
1189,138.1,481.7,138.1,423.7,3.1003,1189,90,90.58747975
1190,138.1,481.7,138.1,423.6,3.0999,1190,90,90.57960794
1191,138,481.7,138.1,423.6,3.0997,1191,90,90.57383528
1192,138,481.7,138.1,423.6,3.0999,1192,90,90.57048976
1193,138,481.7,138.1,423.5,3.0999,1193,90,90.56602907
1194,138,481.7,138.1,423.5,3.1,1194,90,90.56248676
1195,138,481.6,138.1,423.5,3.1003,1195,90,90.55861645
1196,138,481.6,138,423.5,3.1003,1196,90,90.55487734
1197,138,481.6,138,423.4,3.0999,1197,90,90.54628395
1198,138,481.6,138,423.4,3.1,1198,90,90.54352881
1199,138,481.6,138,423.4,3.1002,1199,90,90.53880573
1200,138,481.6,138,423.5,3.1008,1200,90,90.53972411
1201,137.7,482.5,137.5,420.9,3.1,1201,90,90.19966191
1202,137.7,480.6,137.9,423,3.1007,1202,90,90.43266749
1203,137.9,480.9,138,423.5,3.1021,1203,90,90.50003706
1204,137.9,481,138,423.7,3.1026,1204,90,90.52365249
1205,138,481.1,138,423.7,3.1026,1205,90,90.52949075
1206,138,481.1,138,423.7,3.1026,1206,90,90.53263948
1207,138,481.1,138,423.7,3.1024,1207,90,90.53414824
1208,138,481.1,138,423.7,3.1024,1208,90,90.53086832
1209,138,481.1,138,423.7,3.1024,1209,90,90.53073712
1210,138,481.1,138,423.8,3.1027,1210,90,90.53126191
1211,138,481.1,138,423.7,3.1027,1211,90,90.52929396
1212,138,481.1,138,423.7,3.1027,1212,90,90.52614523
1213,138,481,138,423.7,3.1026,1213,90,90.52247172
1214,138,481,138,423.7,3.1026,1214,90,90.51768304
1215,137.9,481,138,423.6,3.1024,1215,90,90.51466551
1216,137.9,481.1,138,423.6,3.1024,1216,90,90.51013922
1217,137.9,481,138,423.6,3.1024,1217,90,90.50567853
1218,137.9,481,138,423.6,3.1024,1218,90,90.50430096
1219,137.9,481,138,423.6,3.1026,1219,90,90.49977467
1220,137.9,481,138,423.6,3.1026,1220,90,90.49603556
1221,137.9,480.9,137.9,423.5,3.1023,1221,90,90.49177166
1222,137.9,480.9,137.9,423.5,3.1024,1222,90,90.48737657
1223,137.9,480.9,137.9,423.5,3.1024,1223,90,90.48153831
1224,137.9,480.9,137.9,423.5,3.1026,1224,90,90.47917677
1225,137.9,480.9,137.9,423.5,3.1027,1225,90,90.47451928
1226,137.9,480.8,137.9,423.4,3.1024,1226,90,90.4654667
1227,137.9,480.8,137.9,423.4,3.1024,1227,90,90.46461392
1228,137.9,480.8,137.9,423.4,3.1024,1228,90,90.46067801
1229,137.9,480.8,137.9,423.3,3.1023,1229,90,90.45313419
1230,137.9,480.7,137.9,423.3,3.1023,1230,90,90.44985427
1231,137.8,480.7,137.9,423.3,3.1021,1231,90,90.4447376
1232,137.8,480.7,137.9,423.3,3.1023,1232,90,90.44322883
1233,137.8,480.7,137.9,423.3,3.1023,1233,90,90.43561942
1234,137.8,480.7,137.9,423.3,3.1024,1234,90,90.43279868
1235,137.8,480.6,137.9,423.2,3.1021,1235,90,90.42846919
1236,137.8,480.6,137.8,423.2,3.1021,1236,90,90.42276213
1237,137.8,480.6,137.8,423.2,3.1021,1237,90,90.41698947
1238,137.8,480.6,137.8,423.1,3.1021,1238,90,90.41416873
1239,137.8,480.5,137.8,423.1,3.1021,1239,90,90.40669051
1240,137.8,480.5,137.8,423,3.1019,1240,90,90.40150824
1241,137.8,480.5,137.8,422.9,3.1015,1241,90,90.39265245
1242,137.8,480.5,137.8,423,3.1019,1242,90,90.39140608
1243,137.8,480.4,137.8,423,3.1019,1243,90,90.3864206
1244,137.8,480.4,137.8,423,3.1019,1244,90,90.38458385
1245,137.7,480.4,137.8,422.9,3.1016,1245,90,90.37782721
1246,137.7,480.4,137.8,422.9,3.1018,1246,90,90.37566246
1247,137.7,480.4,137.8,422.9,3.1018,1247,90,90.37290733
1248,137.7,480.3,137.8,422.9,3.1016,1248,90,90.36667548
1249,137.7,480.3,137.8,422.8,3.1016,1249,90,90.36208359
1250,137.7,480.3,137.7,422.8,3.1016,1250,90,90.35821328
1251,137.7,480.3,137.7,422.8,3.1016,1251,90,90.35637653
1252,137.7,480.3,137.7,422.8,3.1015,1252,90,90.34955429
1253,137.7,480.2,137.7,422.7,3.1016,1253,90,90.34627437
1254,137.7,480.2,137.7,422.7,3.1015,1254,90,90.34286325
1255,137.7,480.2,137.7,422.7,3.1015,1255,90,90.33754978
1256,137.7,480.2,137.7,422.6,3.1013,1256,90,90.33158032
1257,137.7,480.2,137.7,422.6,3.101,1257,90,90.32462689
1258,137.7,480.2,137.7,422.5,3.1007,1258,90,90.320035
1259,137.6,480.2,137.7,422.3,3.1,1259,90,90.3077025
1260,137.6,480.3,137.7,422.3,3.0997,1260,90,90.30206104
1261,137.6,480.3,137.7,422.2,3.0997,1261,90,90.29760034
1262,137.6,480.2,137.7,422.3,3.1003,1262,90,90.2996339
1263,137.6,480.1,137.7,422.4,3.1008,1263,90,90.2993059
1264,137.6,480.1,137.6,422.4,3.1008,1264,90,90.29300845
1265,137.6,480.1,137.6,422.3,3.1005,1265,90,90.28520224
1266,137.6,480,137.6,422.3,3.1007,1266,90,90.28369348
1267,137.6,480,137.6,422.3,3.1008,1267,90,90.28126634
1268,137.6,480,137.6,422.3,3.1008,1268,90,90.27988877
1269,137.6,480,137.6,422.3,3.101,1269,90,90.27391932
1270,137.6,479.9,137.6,422.3,3.101,1270,90,90.27129538
1271,137.6,479.9,137.6,422.3,3.1008,1271,90,90.26794986
1272,137.6,479.9,137.6,422.2,3.1008,1272,90,90.26355477
1273,137.6,479.9,137.6,422.2,3.1007,1273,90,90.25673253
1274,137.6,479.9,137.6,422.2,3.1007,1274,90,90.25174705
1275,137.5,479.9,137.6,422.2,3.1008,1275,90,90.24754875
1276,137.5,479.8,137.6,422.1,3.1007,1276,90,90.24289126
1277,137.5,479.8,137.6,422.1,3.1008,1277,90,90.23823378
1278,137.5,479.8,137.6,422.1,3.1005,1278,90,90.23469146
1279,137.5,479.8,137.5,422.1,3.1005,1279,90,90.22872201
1280,137.5,479.8,137.5,422,3.1005,1280,90,90.22714764
1281,137.5,479.7,137.5,422,3.1002,1281,90,90.21868545
1282,137.5,479.7,137.5,422,3.1007,1282,90,90.21573352
1283,137.5,479.7,137.5,422,3.1008,1283,90,90.21461835
1284,137.5,479.6,137.5,422,3.1008,1284,90,90.21101043
1285,137.5,479.6,137.5,422,3.101,1285,90,90.20792731
1286,137.5,479.6,137.5,422,3.101,1286,90,90.20215465
1287,137.5,479.6,137.5,421.9,3.1007,1287,90,90.19670998
1288,137.5,479.6,137.5,421.9,3.1008,1288,90,90.19375805
1289,137.5,479.6,137.5,421.9,3.1008,1289,90,90.18785419
1290,137.4,479.5,137.5,421.8,3.1003,1290,90,90.18188473
1291,137.4,479.5,137.5,421.8,3.1003,1291,90,90.17722725
1292,137.4,479.5,137.5,421.9,3.101,1292,90,90.17755524
1293,137.4,479.4,137.5,421.8,3.101,1293,90,90.17388173
1294,137.4,479.4,137.5,421.8,3.1008,1294,90,90.16810907
1295,137.4,479.4,137.4,421.7,3.1005,1295,90,90.15958127
1296,137.4,479.4,137.4,421.7,3.1003,1296,90,90.15518618
1297,137.4,479.4,137.4,421.6,3.1,1297,90,90.14744556
1298,137.4,479.4,137.4,421.5,3.0994,1298,90,90.13819619
1299,137.4,479.4,137.4,421.4,3.0994,1299,90,90.12966839
1300,137.4,479.4,137.4,421.4,3.0994,1300,90,90.12743805
1301,137.3,481.3,137,418.9,3.0904,1301,89,89.89679401
1302,137.2,479.1,137.4,421,3.0971,1302,90,90.10920169
1303,137.4,479.2,137.4,421.4,3.0986,1303,90,90.15289023
1304,137.4,479.2,137.4,421.5,3.0991,1304,90,90.16371397
1305,137.4,479.2,137.4,421.6,3.0994,1305,90,90.16417316
1306,137.4,479.2,137.4,421.6,3.0995,1306,90,90.16273
1307,137.4,479.2,137.4,421.5,3.0994,1307,90,90.15453019
1308,137.4,479.2,137.4,421.5,3.0995,1308,90,90.15111908
1309,137.4,479.2,137.4,421.6,3.1,1309,90,90.14803595
1310,137.4,479.1,137.4,421.5,3.0995,1310,90,90.14108252
1311,137.4,479.1,137.4,421.5,3.0994,1311,90,90.13563785
1312,137.4,479,137.4,421.4,3.0994,1312,90,90.13255472
1313,137.4,479,137.4,421.5,3.0995,1313,90,90.13038998
1314,137.4,479,137.4,421.5,3.0999,1314,90,90.12625728
1315,137.4,478.9,137.4,421.5,3.0999,1315,90,90.12317415
1316,137.4,478.9,137.4,421.5,3.1,1316,90,90.11740149
1317,137.3,478.9,137.4,421.4,3.0999,1317,90,90.10959528
1318,137.3,478.8,137.4,421.3,3.0994,1318,90,90.10185466
1319,137.3,478.8,137.3,421.3,3.0994,1319,90,90.09549162
1320,137.3,478.8,137.3,421.2,3.0994,1320,90,90.08899737
1321,137.3,478.8,137.3,421.2,3.0994,1321,90,90.08552066
1322,137.3,478.8,137.3,421.2,3.0994,1322,90,90.0796824
1323,137.3,478.7,137.3,421.2,3.0992,1323,90,90.0754185
1324,137.3,478.7,137.3,421.1,3.0991,1324,90,90.06741549
1325,137.3,478.7,137.3,421.1,3.0991,1325,90,90.06256121
1326,137.3,478.7,137.3,420.9,3.0986,1326,90,90.05095029
1327,137.2,478.6,137.3,420.9,3.0986,1327,90,90.0465552
1328,137.2,478.6,137.3,420.9,3.0984,1328,90,90.04163532
1329,137.2,478.6,137.3,420.9,3.0987,1329,90,90.03907698
1330,137.2,478.5,137.3,420.9,3.0991,1330,90,90.03678103
1331,137.2,478.5,137.2,420.9,3.0989,1331,90,90.0296964
1332,137.2,478.5,137.2,420.8,3.0987,1332,90,90.02320216
1333,137.2,478.5,137.2,420.8,3.0987,1333,90,90.01841348
1334,137.2,478.5,137.2,420.8,3.0986,1334,90,90.01100085
1335,137.2,478.5,137.2,420.7,3.0989,1335,90,90.00713055
1336,137.2,478.5,137.2,420.6,3.0987,1336,89,89.99840596
1337,137.2,478.5,137.2,420.8,3.0997,1337,89,89.99945553
1338,137.2,478.5,137.2,420.7,3.0994,1338,89,89.99447005
1339,137.2,478.4,137.2,420.8,3.0997,1339,89,89.99394527
1340,137.1,478.4,137.2,420.7,3.0997,1340,89,89.98548307
1341,137.1,478.4,137.2,420.5,3.0989,1341,89,89.97485613
1342,137.1,478.4,137.2,420.6,3.0992,1342,89,89.97124821
1343,137.1,478.4,137.2,420.7,3.0999,1343,89,89.97118261
1344,137.1,478.3,137.1,420.6,3.0997,1344,89,89.96475397
1345,137.1,478.3,137.1,420.6,3.0995,1345,89,89.96167084
1346,137.1,478.3,137.1,420.5,3.0991,1346,89,89.95045351
1347,137.1,478.2,137.1,420.5,3.0994,1347,89,89.94756718
1348,137.1,478.3,137.1,420.4,3.0989,1348,89,89.93825221
1349,137.1,478.2,137.1,420.2,3.0983,1349,89,89.92578851
1350,137,478.2,137.1,420.3,3.0984,1350,89,89.92323017
1351,137.1,478.2,137.1,420.4,3.0994,1351,89,89.92913403
1352,137.1,478.1,137.1,420.5,3.1,1352,89,89.92913403
1353,137.1,478.1,137.1,420.5,3.1003,1353,89,89.92487013
1354,137.1,478,137.1,420.5,3.1002,1354,89,89.92145901
1355,137,478,137.1,420.5,3.1002,1355,89,89.91476798
1356,137,478,137.1,420.4,3.1,1356,89,89.90610898
1357,137,478,137,420.4,3.1002,1357,89,89.9014515
1358,137,478,137,420.1,3.0991,1358,89,89.88649506
1359,137,478,137,420.3,3.0995,1359,89,89.8889878
1360,137,477.9,137,420.4,3.1003,1360,89,89.88964378
1361,137,477.8,137,420.3,3.1002,1361,89,89.88446151
1362,137,477.8,137,420.3,3.1,1362,89,89.87803286
1363,137,477.8,137,420.3,3.1,1363,89,89.87488414
1364,137,477.8,137,420.2,3.1,1364,89,89.86655314
1365,137,477.8,137,420.2,3.1002,1365,89,89.86202685
1366,136.9,477.8,137,420,3.0994,1366,89,89.84903836
1367,136.9,477.8,137,420,3.0995,1367,89,89.8430689
1368,136.9,477.7,137,420,3.0997,1368,89,89.83932979
1369,136.9,477.7,136.9,420,3.0999,1369,89,89.83696825
1370,136.9,477.7,136.9,420,3.0997,1370,89,89.82916204
1371,136.9,477.6,136.9,420,3.0999,1371,89,89.82581652
1372,136.9,477.6,136.9,419.9,3.0995,1372,89,89.81525517
1373,136.9,477.6,136.9,419.8,3.0994,1373,89,89.80646499
1374,136.9,477.6,136.9,419.8,3.0994,1374,89,89.79997074
1375,136.9,477.6,136.9,419.7,3.0992,1375,89,89.7935421
1376,136.8,477.5,136.9,419.8,3.0997,1376,89,89.79577244
1377,136.9,477.5,136.9,419.7,3.0994,1377,89,89.78396473
1378,136.8,477.4,136.9,419.8,3.0999,1378,89,89.7809472
1379,136.8,477.4,136.9,419.8,3.0999,1379,89,89.77891365
1380,136.8,477.4,136.8,419.7,3.0997,1380,89,89.77038586
1381,136.8,477.3,136.8,419.6,3.0994,1381,89,89.7604149
1382,136.8,477.3,136.8,419.5,3.0992,1382,89,89.75018154
1383,136.8,477.3,136.8,419.5,3.0989,1383,89,89.74099777
1384,136.8,477.3,136.8,419.4,3.0991,1384,89,89.73568429
1385,136.8,477.2,136.8,419.5,3.0994,1385,89,89.73450352
1386,136.8,477.2,136.8,419.5,3.0995,1386,89,89.7312892
1387,136.8,477.1,136.8,419.5,3.0995,1387,89,89.72814048
1388,136.7,477.1,136.8,419.4,3.0994,1388,89,89.71908789
1389,136.7,477.1,136.8,419.3,3.0992,1389,89,89.70780497
1390,136.7,477.1,136.7,419.2,3.0989,1390,89,89.69737482
1391,136.7,477.1,136.7,419.1,3.0987,1391,89,89.68596069
1392,136.7,477,136.7,419.2,3.0987,1392,89,89.68392714
1393,136.7,477,136.7,419.2,3.0991,1393,89,89.67940085
1394,136.7,477,136.7,419.1,3.0989,1394,89,89.67087306
1395,136.7,476.9,136.7,419.1,3.0991,1395,89,89.6607053
1396,136.6,476.9,136.7,419,3.0989,1396,89,89.65421106
1397,136.6,476.9,136.7,418.9,3.0984,1397,89,89.64148496
1398,136.6,476.9,136.6,418.8,3.0981,1398,89,89.63105482
1399,136.6,476.8,136.6,418.7,3.0976,1399,89,89.61655757
1400,136.6,476.8,136.6,418.7,3.0978,1400,89,89.61550799
1401,136.3,477.8,136.1,416,3.0917,1401,89,89.25648785
1402,136.2,475.7,136.4,418.1,3.0976,1402,89,89.48982142
1403,136.4,475.9,136.5,418.7,3.0989,1403,89,89.56434122
1404,136.5,476.1,136.6,418.8,3.0992,1404,89,89.58572631
1405,136.5,476.3,136.6,418.7,3.0987,1405,89,89.59058059
1406,136.5,476.3,136.6,418.8,3.0992,1406,89,89.59497569
1407,136.5,476.4,136.6,418.8,3.0989,1407,89,89.59353252
1408,136.5,476.3,136.6,418.7,3.0984,1408,89,89.58821905
1409,136.5,476.3,136.6,418.8,3.0991,1409,89,89.59392611
1410,136.5,476.2,136.6,418.9,3.0997,1410,89,89.59628765
1411,136.5,476.2,136.6,418.9,3.0997,1411,89,89.59307333
1412,136.5,476.2,136.6,418.9,3.0997,1412,89,89.58835025
1413,136.5,476.2,136.6,418.8,3.0994,1413,89,89.58461114
1414,136.5,476.2,136.6,418.7,3.0991,1414,89,89.57621454
1415,136.5,476.2,136.5,418.6,3.0984,1415,89,89.56335725
1416,136.5,476.2,136.5,418.5,3.0987,1416,89,89.55745339
1417,136.5,476.2,136.5,418.4,3.0983,1417,89,89.54531768
1418,136.5,476.2,136.5,418.4,3.0981,1418,89,89.53770827
1419,136.5,476.1,136.5,418.3,3.0979,1419,89,89.52924607
1420,136.4,476.1,136.5,418.4,3.0983,1420,89,89.52747491
1421,136.4,476,136.5,418.4,3.0986,1421,89,89.52531017
1422,136.4,476,136.5,418.3,3.0984,1422,89,89.51645438
1423,136.4,476,136.4,418.2,3.0979,1423,89,89.50556504
1424,136.4,476,136.4,418.3,3.0984,1424,89,89.50510585
1425,136.4,475.9,136.4,418.2,3.0986,1425,89,89.4990708
1426,136.4,475.9,136.4,418.2,3.0986,1426,89,89.49388852
1427,136.4,475.8,136.4,418.3,3.0989,1427,89,89.4908054
1428,136.4,475.8,136.4,418.2,3.0984,1428,89,89.48208081
1429,136.4,475.8,136.4,418.1,3.0984,1429,89,89.47092908
1430,136.4,475.8,136.4,418,3.0989,1430,89,89.45853098
1431,136.3,475.8,136.4,418,3.0986,1431,89,89.45065917
1432,136.3,475.7,136.4,418,3.0989,1432,89,89.45033117
1433,136.3,475.6,136.4,418,3.0989,1433,89,89.44751044
1434,136.3,475.6,136.3,417.9,3.0989,1434,89,89.43458755
1435,136.3,475.5,136.3,418,3.0994,1435,89,89.43570273
1436,136.3,475.5,136.3,417.9,3.0991,1436,89,89.42356702
1437,136.3,475.5,136.3,417.9,3.0991,1437,89,89.41490803
1438,136.3,475.4,136.3,417.8,3.0987,1438,89,89.40231313
1439,136.2,475.4,136.3,417.7,3.0984,1439,89,89.391227
1440,136.2,475.4,136.3,417.6,3.0984,1440,89,89.38066565
1441,136.2,475.4,136.2,417.6,3.0987,1441,89,89.37627056
1442,136.2,475.3,136.2,417.6,3.0986,1442,89,89.36944832
1443,136.2,475.3,136.2,417.6,3.0987,1443,89,89.36393806
1444,136.2,475.2,136.2,417.6,3.0989,1444,89,89.35462308
1445,136.2,475.1,136.2,417.5,3.0989,1445,89,89.3457017
1446,136.2,475.1,136.2,417.3,3.0981,1446,89,89.3207087
1447,136.1,475.1,136.1,417.2,3.0979,1447,89,89.30955697
1448,136.1,475.1,136.1,417.2,3.0978,1448,89,89.3041779
1449,136.1,475.1,136.1,417.2,3.0981,1449,89,89.29833964
1450,136.1,475,136.1,417.1,3.0979,1450,89,89.28941825
1451,136.1,475,136.1,417.1,3.0983,1451,89,89.28016888
1452,136.1,474.9,136.1,417.1,3.0983,1452,89,89.26737719
1453,136,474.8,136.1,417,3.0979,1453,89,89.26180132
1454,136,474.8,136.1,416.9,3.0978,1454,89,89.24776326
1455,136,474.8,136,416.9,3.0981,1455,89,89.24048183
1456,136,474.8,136,416.8,3.0976,1456,89,89.22388543
1457,136,474.7,136,416.8,3.0979,1457,89,89.21614482
1458,136,474.7,136,416.8,3.0983,1458,89,89.21588243
1459,136,474.6,136,416.8,3.0983,1459,89,89.20007321
1460,135.9,474.5,136,416.7,3.0979,1460,89,89.18760951
1461,135.9,474.5,136,416.7,3.0981,1461,89,89.183936
1462,135.9,474.4,135.9,416.6,3.0983,1462,89,89.17376824
1463,135.9,474.4,135.9,416.6,3.0981,1463,89,89.16235412
1464,135.9,474.4,135.9,416.4,3.0979,1464,89,89.14365857
1465,135.9,474.3,135.9,416.3,3.0975,1465,89,89.12063352
1466,135.8,474.2,135.8,416.2,3.0976,1466,89,89.10823542
1467,135.8,474.2,135.8,416.3,3.0979,1467,89,89.10672666
1468,135.8,474.1,135.8,416.3,3.0983,1468,89,89.10206917
1469,135.8,474.1,135.8,416.3,3.0983,1469,89,89.09085184
1470,135.8,474,135.8,416.2,3.0983,1470,89,89.08120887
1471,135.8,474,135.8,416.1,3.0979,1471,89,89.05988939
1472,135.7,474,135.7,415.9,3.0975,1472,89,89.04152183
1473,135.7,473.9,135.7,415.9,3.0975,1473,89,89.03542118
1474,135.7,473.9,135.7,415.9,3.0976,1474,89,89.02184231
1475,135.7,473.8,135.7,415.9,3.0979,1475,89,89.02098953
1476,135.7,473.7,135.7,415.9,3.0984,1476,89,89.02066153
1477,135.7,473.7,135.7,415.9,3.0983,1477,89,89.00937861
1478,135.7,473.6,135.7,415.8,3.0984,1478,88,88.99324139
1479,135.6,473.6,135.6,415.7,3.0981,1479,88,88.97861295
1480,135.6,473.6,135.6,415.6,3.0979,1480,88,88.96621485
1481,135.6,473.5,135.6,415.4,3.0973,1481,88,88.94050027
1482,135.5,473.5,135.6,415.3,3.097,1482,88,88.91963997
1483,135.5,473.4,135.5,415.1,3.097,1483,88,88.90081322
1484,135.5,473.3,135.5,415,3.0967,1484,88,88.88480721
1485,135.5,473.3,135.5,415.2,3.0976,1485,88,88.89215423
1486,135.5,473.2,135.5,415.1,3.0976,1486,88,88.88264246
1487,135.5,473.1,135.5,415.1,3.0976,1487,88,88.86867
1488,135.4,473.1,135.5,415,3.0975,1488,88,88.85869904
1489,135.4,473.1,135.4,414.9,3.0973,1489,88,88.83593639
1490,135.4,473,135.4,414.8,3.0971,1490,88,88.82832697
1491,135.4,472.9,135.4,414.8,3.0976,1491,88,88.82025837
1492,135.4,472.8,135.4,414.9,3.0981,1492,88,88.8104186
1493,135.3,472.8,135.4,414.8,3.0979,1493,88,88.80195641
1494,135.3,472.7,135.4,414.8,3.0983,1494,88,88.79421579
1495,135.3,472.7,135.3,414.7,3.0979,1495,88,88.77807858
1496,135.3,472.6,135.3,414.5,3.0975,1496,88,88.75216721
1497,135.3,472.6,135.3,414.3,3.0968,1497,88,88.7276334
1498,135.2,472.5,135.2,414.3,3.097,1498,88,88.71175858
1499,135.2,472.4,135.2,414.3,3.0971,1499,88,88.70756028
1500,135.2,472.4,135.2,414.2,3.0973,1500,88,88.68945512
1501,135.4,475,134.9,412.3,3.09,1501,88,88.52119518
1502,135.1,472.1,135.3,414.2,3.0963,1502,88,88.73740756
1503,135.3,472.3,135.4,414.7,3.0973,1503,88,88.80136602
1504,135.3,472.5,135.4,414.8,3.0973,1504,88,88.82655581
1505,135.4,472.6,135.4,414.9,3.0976,1505,88,88.83934751
1506,135.4,472.6,135.4,415,3.0978,1506,88,88.84131546
1507,135.4,472.6,135.4,414.9,3.0976,1507,88,88.83934751
1508,135.4,472.6,135.4,414.8,3.0971,1508,88,88.82589983
1509,135.4,472.6,135.4,414.7,3.0967,1509,88,88.81533848
1510,135.4,472.6,135.4,414.7,3.097,1510,88,88.81501049
1511,135.4,472.6,135.4,414.8,3.0973,1511,88,88.81212416
1512,135.3,472.5,135.4,414.8,3.0975,1512,88,88.80720428
1513,135.3,472.5,135.4,414.7,3.0973,1513,88,88.7981517
1514,135.3,472.4,135.4,414.7,3.0973,1514,88,88.78837753
1515,135.3,472.4,135.3,414.6,3.0973,1515,88,88.78037453
1516,135.3,472.4,135.3,414.5,3.0971,1516,88,88.7650245
1517,135.3,472.4,135.3,414.3,3.0963,1517,88,88.74685374
1518,135.2,472.3,135.3,414.2,3.096,1518,88,88.73137251
1519,135.2,472.3,135.3,414.2,3.0963,1519,88,88.7275678
1520,135.2,472.2,135.2,414.1,3.096,1520,88,88.71595688
1521,135.2,472.1,135.2,414.1,3.0962,1521,88,88.711037
1522,135.2,472.1,135.2,414,3.0959,1522,88,88.69811411
1523,135.2,472.1,135.2,414.1,3.0962,1523,88,88.6903079
1524,135.2,472,135.2,414.1,3.0967,1524,88,88.68656879
1525,135.2,472,135.2,413.9,3.0962,1525,88,88.66780764
1526,135.1,472,135.2,413.9,3.0963,1526,88,88.66275656
1527,135.1,471.9,135.1,414,3.0965,1527,88,88.65534394
1528,135.1,471.8,135.1,413.9,3.0965,1528,88,88.64150268
1529,135.1,471.8,135.1,413.8,3.0967,1529,88,88.63258129
1530,135.1,471.7,135.1,413.8,3.0965,1530,88,88.62175755
1531,135.1,471.7,135.1,413.7,3.0963,1531,88,88.60949065
1532,135,471.6,135.1,413.8,3.097,1532,88,88.60850667
1533,135,471.6,135.1,413.7,3.0968,1533,88,88.59965089
1534,135,471.5,135,413.7,3.097,1534,88,88.5865312
1535,135,471.5,135,413.6,3.0967,1535,88,88.5700004
1536,135,471.4,135,413.5,3.0967,1536,88,88.55648713
1537,135,471.4,135,413.4,3.0963,1537,88,88.54448262
1538,134.9,471.3,135,413.3,3.0962,1538,88,88.53103494
1539,134.9,471.2,134.9,413.3,3.0962,1539,88,88.52080159
1540,134.9,471.2,134.9,413.2,3.0963,1540,88,88.50682912
1541,134.9,471.2,134.9,413.2,3.0965,1541,88,88.50072847
1542,134.9,471.1,134.9,413.2,3.0967,1542,88,88.49318465
1543,134.9,471.1,134.9,413.1,3.0967,1543,88,88.47842501
1544,134.8,471,134.9,413,3.0962,1544,88,88.45946707
1545,134.8,470.9,134.8,412.9,3.0962,1545,88,88.44759375
1546,134.8,470.9,134.8,412.8,3.096,1546,88,88.4329653
1547,134.8,470.8,134.8,412.8,3.0959,1547,88,88.41840246
1548,134.8,470.8,134.8,412.7,3.096,1548,88,88.40862829
1549,134.7,470.8,134.8,412.7,3.096,1549,88,88.39688617
1550,134.7,470.7,134.7,412.6,3.096,1550,88,88.38304491
1551,134.7,470.6,134.7,412.6,3.0962,1551,88,88.37412352
1552,134.7,470.6,134.7,412.5,3.0965,1552,88,88.36067585
1553,134.7,470.5,134.7,412.4,3.0962,1553,88,88.3420459
1554,134.6,470.4,134.7,412.3,3.0963,1554,88,88.32859822
1555,134.6,470.4,134.6,412.3,3.0967,1555,88,88.32420313
1556,134.6,470.3,134.6,412.2,3.0963,1556,88,88.30570437
1557,134.6,470.3,134.6,412,3.0957,1557,88,88.28090817
1558,134.5,470.2,134.6,412,3.0955,1558,88,88.26982204
1559,134.5,470.2,134.6,412,3.0962,1559,88,88.26654212
1560,134.5,470.1,134.5,412,3.0962,1560,88,88.24994572
1561,134.5,470.1,134.5,411.9,3.096,1561,88,88.23676044
1562,134.5,470,134.5,411.8,3.096,1562,88,88.22344396
1563,134.5,469.9,134.5,411.8,3.0963,1563,88,88.21439137
1564,134.4,469.8,134.5,411.8,3.0963,1564,88,88.2008125
1565,134.4,469.8,134.4,411.7,3.0962,1565,88,88.18500328
1566,134.4,469.8,134.4,411.5,3.0957,1566,88,88.15968229
1567,134.3,469.7,134.4,411.3,3.0952,1567,88,88.14426667
1568,134.3,469.7,134.4,411.3,3.0955,1568,88,88.13567327
1569,134.3,469.6,134.3,411.3,3.0959,1569,88,88.1260959
1570,134.3,469.6,134.3,411.2,3.0955,1570,88,88.10254607
1571,134.3,469.4,134.3,411.1,3.0952,1571,88,88.08450651
1572,134.2,469.4,134.3,411.1,3.0957,1572,88,88.07558512
1573,134.2,469.3,134.2,411,3.0959,1573,88,88.064171
1574,134.2,469.3,134.2,410.9,3.0952,1574,88,88.04094916
1575,134.2,469.2,134.2,410.8,3.0952,1575,88,88.02796067
1576,134.2,469.1,134.2,410.7,3.0954,1576,88,88.01359462
1577,134.1,469.1,134.1,410.6,3.0949,1577,87,87.99476787
1578,134.1,469,134.1,410.7,3.0954,1578,87,87.99542385
1579,134.1,468.9,134.1,410.7,3.0957,1579,87,87.97902425
1580,134.1,468.8,134.1,410.5,3.0952,1580,87,87.95914793
1581,134.1,468.7,134.1,410.5,3.0954,1581,87,87.94570025
1582,134,468.7,134,410.4,3.0954,1582,87,87.92805428
1583,134,468.7,134,410.1,3.0946,1583,87,87.90122453
1584,134,468.6,134,410.2,3.0949,1584,87,87.89564866
1585,134,468.5,134,410,3.0949,1585,87,87.87144284
1586,133.9,468.4,133.9,410,3.0949,1586,87,87.86429262
1587,133.9,468.4,133.9,410,3.0951,1587,87,87.85209131
1588,133.9,468.3,133.9,409.8,3.0947,1588,87,87.82722951
1589,133.9,468.2,133.9,409.9,3.0954,1589,87,87.8236872
1590,133.8,468.1,133.8,409.7,3.0957,1590,87,87.79666065
1591,133.8,468.1,133.8,409.5,3.0949,1591,87,87.77908027
1592,133.8,468.1,133.8,409.5,3.0947,1592,87,87.7612375
1593,133.7,468,133.8,409.4,3.0949,1593,87,87.74634666
1594,133.7,467.9,133.8,409.4,3.0952,1594,87,87.73893404
1595,133.7,467.8,133.7,409.5,3.0957,1595,87,87.73762207
1596,133.7,467.7,133.7,409.4,3.0955,1596,87,87.71420344
1597,133.7,467.6,133.7,409.3,3.0957,1597,87,87.69701665
1598,133.6,467.5,133.7,409.2,3.0955,1598,87,87.67700913
1599,133.6,467.5,133.6,409,3.0952,1599,87,87.65883837
1600,133.6,467.5,133.6,408.9,3.0949,1600,87,87.63758448
